qid,brand,description,sitelinks,en_title,n_wikipedias,review_flag,pv_median,trends_score,news_score,wiki_mom,wiki_yoy,wiki_latest,search_mom,search_yoy,news_mom,news_yoy,elig_pv,elig_trends,elig_news,trends_ratio,news_ratio,pv_ratio,sources,attention,breadth,raw,rank,interest_index,tier
Q483915,Nike,American athletic equipment company,89.0,"Nike, Inc.",84,,118161.0,3070.43,4367.74,-7%,-12%,113454.0,0%,-10%,+200%,+550%,True,True,True,1.3503420980190373,1.444669760358448,1.0606569281185463,trends+news+pv,1.3207033627407623,1.047884568365847,1.2797805435845249,1,130.5,A
Q3895,Adidas,German multinational corporation,105.0,Adidas,105,,180671.0,2285.74,2628.16,,,210972.0,,,,,True,True,True,1.1650850275552564,1.120639932290646,1.3115416244748255,trends+news+pv,1.1810428183597872,1.138185611159142,1.1746142372796904,2,119.8,A
Q107377209,Shein,Chinese-Singaporean online fashion retailer,41.0,Shein,40,,62387.0,1099.9,2356.41,-4%,-53%,50152.0,-2%,+140%,+110%,+3900%,True,True,True,0.808203651009716,1.0611227404462575,0.7706991949220009,trends+news+pv,0.8765784866231354,0.7112304957803636,0.8517762879967197,3,86.9,A
Q147662,Zara,"retailer for clothing, headquartered in Spain",62.0,Zara (retailer),60,,58959.0,1364.58,1277.55,-10%,-28%,42556.0,-7%,-7%,+90%,+600%,True,True,True,0.9002097406075557,0.7813203688238268,0.7492261183025353,trends+news+pv,0.8343462046114329,0.8746096930733868,0.8403857278807261,4,85.7,A
Q188326,H&M,Swedish multinational clothing-retail company,70.0,H&M,67,,65909.0,1014.41,734.05,-2%,-21%,58674.0,-10%,-20%,+110%,+2600%,True,True,True,0.7761594828084354,0.5922471980808222,0.7921550868549526,trends+news+pv,0.7241849181994549,0.9293246599725737,0.7549558794654226,5,77.0,A
Q191485,Louis Vuitton,French fashion house and luxury retail company,69.0,Louis Vuitton,68,,75262.0,690.75,709.87,+17%,-21%,75146.0,+1%,-10%,+250%,+450%,True,True,True,0.6404786447254713,0.5824110478940592,0.8464976011172749,trends+news+pv,0.6642621569544084,0.9226627485605116,0.7030222456953238,6,71.7,A
Q471891,De Beers,"International corporation that specialises in diamond exploration, diamond mining, diamond retail, rough diamond sales and industrial diamond manufacturing",44.0,De Beers,44,,48599.0,,,,,45447.0,,,,,True,False,False,0.0,0.0,0.6802233263059385,pv,0.6802233263059385,0.7367917930349712,0.6887085963152935,7,70.3,A
Q26070,Uniqlo,"Japanese casual wear designer, manufacturer and retailer",63.0,Uniqlo,62,,82137.0,631.09,506.45,-7%,-9%,61011.0,-4%,+20%,+250%,>5000 (breakout),True,True,True,0.612195109984579,0.49193585896072756,0.8843155716455032,trends+news+pv,0.6305414270096085,0.8816347833824535,0.6682054304655352,8,68.2,A
Q1659229,Supreme,American clothing brand and skateboarding shop,29.0,Supreme (brand),28,,23898.0,952.92,,-3%,-40%,20879.0,+100%,+10%,>5000 (breakout),>5000 (breakout),True,True,False,0.7522677225780257,0.0,0.47700027848881266,trends+pv,0.6736198814096792,0.5981601002283233,0.6623009142324758,9,67.6,A
Q178516,Gucci,"Italian luxury fashion house based in Florence, Italy",75.0,Gucci,73,,84508.0,481.83,458.35,+17%,-30%,57330.0,-8%,-6%,+700%,+1850%,True,True,True,0.5349228199332653,0.4679924115573562,0.8969882746438491,trends+news+pv,0.5872567883626093,0.9619424119419259,0.6434596318995067,10,65.6,B
Q742988,New Balance,American footwear manufacturer,40.0,New Balance,39,,40564.0,983.78,358.48,+1%,-29%,35742.0,+3%,-10%,+350%,+3500%,True,True,True,0.7643516397415372,0.4138783020456583,0.621452931816443,trends+news+pv,0.6306298968477547,0.7025034107220263,0.6414109239288954,11,65.4,B
Q843887,Hermès,French luxury goods manufacturer,59.0,Hermès,57,,63374.0,490.06,563.74,+32%,-33%,66150.0,+10%,+20%,+350%,>5000 (breakout),True,True,True,0.5394719083765211,0.5190146525865769,0.7767717346097529,trends+news+pv,0.5807946968861842,0.8531874278622592,0.6216536065325955,12,63.4,B
Q332477,Victoria’s Secret,American retailer of lingerie,59.0,Victoria's Secret,55,,52307.0,404.58,515.12,+5%,-42%,48122.0,+3%,-1%,+250%,>5000 (breakout),True,True,True,0.4901696439343983,0.49612875541900386,0.7056961699401187,trends+news+pv,0.535062682580924,0.8531874278622592,0.5827813943731243,13,59.4,B
Q193136,Prada,Italian luxury fashion house,66.0,Prada,64,,44951.0,350.86,352.96,-10%,-30%,31439.0,+3%,-6%,+500%,>5000 (breakout),True,True,True,0.4564688399290396,0.4106794187087718,0.654195470799166,trends+news+pv,0.4822773397369845,0.9023819698029941,0.5452930342468859,14,55.6,B
Q5113774,Chrome Hearts,American fashion brand,5.0,Chrome Hearts,5,,37054.0,,,-5%,-35%,30392.0,+9%,-10%,>5000 (breakout),>5000 (breakout),True,False,False,0.0,0.0,0.5939575440068663,pv,0.5939575440068663,0.24837246276411157,0.5421197818204531,15,55.3,B
Q136570,Zalando,multinational e-commerce company specializing in shoes and fashion,23.0,Zalando,23,,21940.0,487.09,697.51,-17%,-20%,17918.0,-5%,-10%,+70%,+950%,True,True,True,0.5378346940292515,0.5773184174046995,0.45704205714885127,trends+news+pv,0.5335212836658059,0.5326995862526512,0.5333980290538327,16,54.4,B
Q127962,Levi's,privately held American clothing company,50.0,Levi Strauss & Co.,50,,41578.0,386.06,235.22,-21%,-15%,33897.0,+3%,+4%,+250%,>5000 (breakout),True,True,True,0.47881925893318866,0.33525658437831923,0.6291723834052682,trends+news+pv,0.46582108146114376,0.7854226903999526,0.5137613228019651,17,52.4,B
Q2282172,Yves Saint Laurent,French luxury fashion house,40.0,Yves Saint Laurent (fashion house),40,,25314.0,417.83,368.99,-2%,-24%,17168.0,+1%,+1%,+400%,>5000 (breakout),True,True,True,0.49813151222211727,0.41990156327896516,0.4909284966538522,trends+news+pv,0.47322192442551864,0.7025034107220263,0.5076141473699948,18,51.8,B
Q137023,Primark,Irish clothing retailer,36.0,Primark,35,,38519.0,317.26,446.26,-8%,-38%,30570.0,+9%,+7%,+120%,>5000 (breakout),True,True,True,0.43406209973045906,0.46177899455530197,0.6055853439982245,trends+news+pv,0.476681817031465,0.6664532525755065,0.5051475323630712,19,51.5,B
Q635484,Giorgio Armani,Italy-based international luxury fashion house,52.0,Armani,51,,33927.0,282.52,336.67,-2%,-43%,20614.0,+2%,-3%,+500%,>5000 (breakout),True,True,True,0.4096083542277703,0.40109052502263437,0.5683430892778913,trends+news+pv,0.4387999524762537,0.8009771249535805,0.4931265283478527,20,50.3,B
Q1641437,Ralph Lauren,American fashion and lifestyle company,24.0,Ralph Lauren Corporation,23,,28108.0,438.63,336.67,+2%,-36%,19890.0,+40%,-20%,+400%,>5000 (breakout),True,True,True,0.5103796772101226,0.40109052502263437,0.5173123261973792,trends+news+pv,0.4789794613513274,0.5441568020760632,0.4887560624600377,21,49.9,B
Q1686544,Loro Piana,Italian Luxury Company,30.0,Loro Piana,30,,22662.0,,,-4%,-43%,20624.0,+50%,+400%,>5000 (breakout),>5000 (breakout),True,False,False,0.0,0.0,0.46450134065747567,pv,0.46450134065747567,0.6083857999304881,0.48608400954842756,22,49.6,B
Q152784,The North Face,American company featuring outdoor apparel and sportswear,36.0,The North Face,36,,36590.0,404.12,154.01,+7%,-37%,24562.0,+8%,+20%,+700%,>5000 (breakout),True,True,True,0.4898909077589036,0.2712780491861634,0.5902269816186382,trends+news+pv,0.44437426495902843,0.6664532525755065,0.4776861131015001,23,48.7,B
Q136503,Mango,clothing design and manufacturing company,32.0,Mango (retailer),30,,14686.0,444.12,304.08,-17%,+37%,18839.0,-10%,+1%,+130%,>5000 (breakout),True,True,True,0.513563763217633,0.3811835247097141,0.373929402984458,trends+news+pv,0.44592281961862235,0.6283381523199622,0.47328511952382335,24,48.3,B
Q1068628,Calvin Klein,American fashion house,47.0,Calvin Klein (fashion house),46,,28300.0,284.12,210.78,+49%,-44%,28090.0,-3%,-10%,+600%,>5000 (breakout),True,True,True,0.41076658742964856,0.31736197732020505,0.5190761466052073,trends+news+pv,0.40440711623192727,0.7614955511619184,0.4579703814714259,25,46.7,B
Q2121887,Polo Ralph Lauren,,2.0,,1,,,438.63,,,,,+5%,-5%,+400%,>5000% (breakout),False,True,False,0.5103796772101226,0.0,0.0,trends,0.5103796772101226,0.15708453807999054,0.45738540634060276,26,46.7,B
Q2031485,Under Armour,American sports clothing and accessories company,39.0,Under Armour,38,,33695.0,244.35,283.84,-6%,-14%,28486.0,+9%,-5%,+600%,+1250%,True,True,True,0.3809345627901868,0.36827903146252083,0.5663965307131807,trends+news+pv,0.4142302969764858,0.6936665380600233,0.4561457331390164,27,46.5,B
Q696376,Versace,Italian luxury fashion company,60.0,Versace,58,,44262.0,207.54,141.92,-13%,-36%,28786.0,+3%,-10%,+1150%,>5000 (breakout),True,True,True,0.3510711268022807,0.2604126005159623,0.6491624208038228,trends+news+pv,0.38349182771669366,0.8603874494169007,0.4550261709717247,28,46.4,B
Q309031,Lacoste,French clothing and footwear company,59.0,Lacoste,56,,32838.0,250.52,129.83,-5%,-23%,35257.0,+4%,-9%,>5000 (breakout),>5000 (breakout),True,True,True,0.3857140053781441,0.2490736137063136,0.5591472630955491,trends+news+pv,0.3794085394200759,0.8531874278622592,0.45047537268640336,29,46.0,B
Q2945643,Skechers,American shoe company,24.0,Skechers,23,,29915.0,341.95,227.07,-6%,-17%,27120.0,+3%,+50%,+400%,>5000 (breakout),True,True,True,0.4506356137152967,0.329397328976166,0.5336817574261385,trends+news+pv,0.4308733570357259,0.5441568020760632,0.44786587379177645,30,45.7,B
Q21030814,Jacquemus,French fashion designer and tailor,13.0,Simon Porte Jacquemus,12,,21716.0,,,,,16149.0,,,,,True,False,False,0.0,0.0,0.4547029488295544,pv,0.4547029488295544,0.40048856247679027,0.4465707908766398,31,45.6,B
Q1135366,Vans,American manufacturer of shoes,39.0,Vans,38,,17533.0,333.26,178.45,-2%,-24%,14304.0,+9%,-2%,+250%,no-data,True,True,True,0.4448727473970291,0.2920105009938465,0.4085695258561786,trends+news+pv,0.39175342916790423,0.6936665380600233,0.4370403955017221,32,44.6,B
Q420953,Air Jordan,"brand of shoes and athletic clothing designed, owned, and produced for Michael Jordan by Nike",31.0,Air Jordan,30,,43299.0,129.37,425.76,-3%,-21%,35830.0,+2%,-20%,+130%,+1100%,True,True,True,0.27717942918581967,0.45104785502478406,0.6420617340575603,trends+news+pv,0.4023164179118571,0.6184424448636767,0.43473532195463005,33,44.3,B
Q491627,Hugo Boss,Germany fashion company,48.0,Hugo Boss,47,,60108.0,179.2,60.18,-20%,-28%,44084.0,-6%,-50%,+450%,>5000 (breakout),True,True,True,0.3262219727220362,0.16957674115926524,0.7564913962698078,trends+news+pv,0.3652822879627592,0.7695539295535406,0.4259230342013764,34,43.4,B
Q611115,Swarovski,Austrian crystal and jewelry company,46.0,Swarovski,44,,45071.0,210.06,81.21,-22%,-23%,31446.0,+4%,+6%,+1550%,>5000 (breakout),True,True,True,0.3531960903372292,0.19699034849140856,0.6550681002581882,trends+news+pv,0.3667087697676748,0.7533509795490358,0.4247051012348789,35,43.3,B
Q827258,Bershka,Spanish clothing retailer,36.0,Bershka,35,,16431.0,261.72,227.07,+21%,-4%,16038.0,+1%,+10%,+100%,>5000 (breakout),True,True,True,0.39424179435058254,0.329397328976166,0.3955212776953909,trends+news+pv,0.37504435140721926,0.6664532525755065,0.4187556865824623,36,42.7,B
Q390107,Burberry,English fashion company,51.0,Burberry,48,,24730.0,228.12,113.54,+4%,-23%,18402.0,+2%,+9%,+650%,>5000 (breakout),True,True,True,0.3680661584674946,0.23292421376207262,0.48523253457807397,trends+news+pv,0.35095685027798385,0.7932380340395951,0.4172990278422255,37,42.6,B
Q174310,Nordstrom,American chain of luxury department stores,26.0,Nordstrom,25,,17033.0,250.97,,+6%,-12%,15839.0,-10%,-4%,+120%,+1650%,True,True,False,0.38606027199834597,0.0,0.40270166701641985,trends+pv,0.3908149562892243,0.5663763566299813,0.41714916634033783,38,42.6,B
Q25387414,Brandy Melville,Italian clothing brand,9.0,Brandy Melville,8,,18448.0,,,+15%,-14%,21100.0,+650%,+4400%,>5000 (breakout),>5000 (breakout),True,False,False,0.0,0.0,0.4190950189593394,pv,0.4190950189593394,0.33322662628775324,0.4062147600586015,39,41.4,B
Q214480,Dolce & Gabbana,Italian fashion house,53.0,Dolce & Gabbana,49,,32739.0,148.8,117.74,+25%,+1%,38029.0,-4%,-10%,+200%,>5000 (breakout),True,True,True,0.29726629656545644,0.23719318620474245,0.5583037683097047,trends+news+pv,0.3314518578060919,0.8086421524696853,0.40303040200563084,40,41.1,B
Q2842931,American Eagle Outfitters,"American clothing, shoes, and accessories retailer",20.0,American Eagle Outfitters,18,,19868.0,166.4,450.2,-6%,-77%,11769.0,+3%,-50%,0%,0%,True,True,True,0.3143553586680594,0.46381302293368754,0.4349255585311813,trends+news+pv,0.3833066979203722,0.49674492552822314,0.4003224320615498,41,40.8,B
Q6108019,JD Sports,sports-fashion retail company,11.0,JD Sports,10,,14866.0,272.0,352.96,+8%,-20%,14348.0,+1%,+7%,+150%,+3600%,True,True,True,0.4019098583274843,0.4106794187087718,0.37621397018041114,trends+news+pv,0.39940154881245593,0.3683958965174856,0.3947507009682104,42,40.3,B
Q552230,Miu Miu,Italian fashion house,25.0,Miu Miu,24,,21630.0,156.57,,+7%,-12%,18814.0,-4%,-20%,>5000 (breakout),>5000 (breakout),True,True,False,0.30492882675447175,0.0,0.4538016952389222,trends+pv,0.3474639320357434,0.5553777104795887,0.37865099880232017,43,38.6,B
Q6702957,Lululemon,Canadian athletic apparel retailer,16.0,Lululemon,16,,54505.0,91.89,227.07,+20%,-17%,55738.0,-10%,-20%,+400%,+800%,True,True,True,0.23360295531872757,0.329397328976166,0.7203706767124566,trends+news+pv,0.35969481169470496,0.444302168383671,0.3723859151980498,44,38.0,B
Q2470307,Guess,American clothing line brand,33.0,Guess (company),32,,14552.0,221.26,105.39,+4%,-14%,13153.0,0%,+120%,+500%,>5000 (breakout),True,True,True,0.362489691849879,0.2244088062538883,0.37221956498691566,trends+news+pv,0.3230114007984891,0.6380804100681715,0.3702717521889414,45,37.8,B
Q1439645,Macron,Italian sportswear company,27.0,Macron (sportswear),26,,11694.0,,,+17%,-11%,12802.0,-4%,+30%,+100%,>5000 (breakout),True,False,False,0.0,0.0,0.33367171916500127,pv,0.33367171916500127,0.5771654471651555,0.3701957783650244,46,37.8,B
Q735873,Kappa,Italian sportswear brand,45.0,Kappa (brand),44,,17090.0,109.26,,-35%,+8%,19059.0,-10%,-20%,>5000 (breakout),>5000 (breakout),True,True,False,0.2547268969273949,0.0,0.40337491375843515,trends+pv,0.29719775887912075,0.7451173882923346,0.3643857032911028,47,37.2,B
Q2003244,Thor Steinar,German clothing brand,15.0,Thor Steinar,14,,12905.0,,,+11%,+0%,12735.0,+20%,+30%,0%,0%,True,False,False,0.0,0.0,0.35052327331336086,pv,0.3505232733133608,0.43019372470845035,0.36247384102262425,48,37.0,B
Q463378,American Apparel,company,19.0,American Apparel,17,,12165.0,,,-2%,-97%,10260.0,-10%,-50%,0%,0%,True,False,False,0.0,0.0,0.3403250451705182,pv,0.3403250451705182,0.48416706309510354,0.361901347859206,49,36.9,B
Q319344,Abercrombie & Fitch,American fashion retailer,31.0,Abercrombie & Fitch,30,,27679.0,137.6,109.59,+7%,-37%,24874.0,+20%,+20%,+1450%,+1450%,True,True,True,0.28586002274859257,0.22883668969283114,0.5133493920543406,trends+news+pv,0.31425089669301376,0.6184424448636767,0.3598796289186132,50,36.7,B
Q806085,Banana Republic,American clothing and accessories retailer,23.0,Banana Republic,22,,11331.0,,,+4%,+5%,11526.0,-1%,+9%,+1000%,>5000 (breakout),True,False,False,0.0,0.0,0.3284520478491436,pv,0.3284520478491436,0.5326995862526512,0.3590891786096697,51,36.6,B
Q3410623,Puig,multinational fashion and beauty company,17.0,Puig (company),17,,12200.0,,,+6%,-10%,10612.0,-4%,+7%,>5000 (breakout),>5000 (breakout),True,False,False,0.0,0.0,0.34081426922761465,pv,0.34081426922761465,0.45797619248420973,0.3583885577161039,52,36.6,B
Q752515,Bulgari,Italian luxury fashion house,52.0,Bulgari,51,,23927.0,107.66,68.86,+3%,-22%,20048.0,+10%,-10%,+3300%,>5000 (breakout),True,True,True,0.25285491200062354,0.18139432775338965,0.4772896084340786,trends+news+pv,0.2763036760131444,0.8009771249535805,0.35500469335420975,53,36.2,B
Q1200698,Le Bon Marché,"luxury department store in the 7ᵗʰ arrondissement of Paris, France",31.0,Le Bon Marché,30,,9939.0,,,-5%,+3%,9510.0,-20%,-60%,>5000 (breakout),>5000 (breakout),True,False,False,0.0,0.0,0.3076161975258055,pv,0.3076161975258055,0.6184424448636767,0.3542401346264862,54,36.1,B
Q63335,Foot Locker,American sportswear and footwear retailer,20.0,Foot Locker,20,,10131.0,189.26,190.54,+11%,-10%,10419.0,+10%,-2%,0%,0%,True,True,True,0.33525373493682165,0.30174026935999365,0.31057322505168145,trends+news+pv,0.3202635932867452,0.49674492552822314,0.3467357931229669,55,35.4,B
Q2735242,Old Navy,American clothing and accessories retailer,20.0,Old Navy,19,,9397.0,234.06,117.74,+2%,-22%,9346.0,+9%,+160%,+120%,>5000 (breakout),True,True,True,0.3728273872192772,0.23719318620474245,0.2991110570558886,trends+news+pv,0.3173938608822391,0.49674492552822314,0.3442965205791367,56,35.1,B
Q701338,C&A,international Dutch chain of fashion retail clothing stores,24.0,C&A,24,,20049.0,160.46,97.24,-5%,-20%,16120.0,-1%,-7%,+600%,>5000 (breakout),True,True,True,0.30869358249174894,0.21555726685015897,0.4369021804202116,trends+news+pv,0.3063944073849645,0.5441568020760632,0.34205876658862927,57,34.9,B
Q211951,ASOS,British online fashion and beauty retailer,18.0,ASOS plc,17,,4019.0,216.92,235.22,,,8234.0,-2%,+20%,+110%,+3400%,True,True,True,0.35891698001223454,0.33525658437831923,0.19561261428714902,trends+news+pv,0.31915798817704283,0.47125361423997153,0.34197233208648214,58,34.9,B
Q631894,HEAD,sports equipment and clothing company,21.0,Head (company),20,,10224.0,,,-4%,-24%,10021.0,-30%,-30%,>5000 (breakout),>5000 (breakout),True,False,False,0.0,0.0,0.3119954601261734,pv,0.3119954601261734,0.5090120795127969,0.3415479530341669,59,34.8,B
Q649646,Valentino,Italian clothing company founded in 1960 by Valentino Garavani,32.0,Valentino (fashion house),31,,12847.0,161.6,97.24,+2%,-18%,10234.0,+7%,-10%,+1600%,>5000 (breakout),True,True,True,0.30978820997106155,0.21555726685015897,0.3497346935218331,trends+news+pv,0.2895082237449451,0.6283381523199622,0.34033271303119766,60,34.7,B
Q743497,Neiman Marcus,American luxury specialty department store,13.0,Neiman Marcus,12,,11164.0,,,-6%,-24%,8862.0,-6%,-30%,>5000 (breakout),>5000 (breakout),True,False,False,0.0,0.0,0.3260226462066034,pv,0.3260226462066034,0.40048856247679027,0.3371925336471314,61,34.4,B
Q1156731,Mizuno,Japanese sports equipment and sportswear company,29.0,Mizuno,28,,18837.0,142.4,81.21,-1%,-7%,18467.0,0%,-7%,+1650%,>5000 (breakout),True,True,True,0.2908032136893875,0.19699034849140856,0.42349054941340597,trends+news+pv,0.2891968212747975,0.5981601002283233,0.33554131311782637,62,34.2,B
Q1126126,Dr. Martens,footwear brand,34.0,Dr. Martens,32,,26311.0,57.6,,+7%,-17%,19131.0,+5%,-20%,>5000 (breakout),>5000 (breakout),True,True,False,0.18495047400587233,0.0,0.5005028231277485,trends+pv,0.2751082880406941,0.6476761426551606,0.3309934662328641,63,33.8,B
Q2855977,Slazenger,British business and sports brand,19.0,Slazenger,18,,9388.0,,,+37%,-16%,20633.0,-30%,>5000 (breakout),0%,0%,True,False,False,0.0,0.0,0.2989677855655377,pv,0.2989677855655377,0.48416706309510354,0.32674767719497255,64,33.3,B
Q5512642,GU,Japanese clothing brand,8.0,GU (retailer),7,,11056.0,,,+10%,-11%,9512.0,-10%,-9%,+500%,>5000 (breakout),True,False,False,0.0,0.0,0.324441850065616,pv,0.324441850065616,0.3141690761599811,0.3229009339797707,65,32.9,C
Q926575,Fendi,Italian enterprise and fashion house,44.0,Fendi,43,,23572.0,84.57,36.53,+10%,-15%,18339.0,-1%,-8%,>5000 (breakout),>5000 (breakout),True,True,True,0.22410542628886204,0.13211892439461892,0.4737356527456777,trends+news+pv,0.2464355210119522,0.7367917930349712,0.31998896181540504,66,32.6,C
Q844805,Dillard's,"department store (clothes, shoes, accessories)",11.0,Dillard's,10,,10183.0,,,+12%,-18%,8644.0,+7%,-9%,+750%,>5000 (breakout),True,False,False,0.0,0.0,0.31136925394524495,pv,0.31136925394524495,0.3683958965174856,0.31992325033108104,67,32.6,C
Q1132272,PVH Corp.,American clothing company,17.0,PVH Corp.,17,,9014.0,,,-2%,-25%,7090.0,-10%,-20%,>5000 (breakout),>5000 (breakout),True,False,False,0.0,0.0,0.2929521104638745,pv,0.2929521104638745,0.45797619248420973,0.31770572276692477,68,32.4,C
Q1066858,Tiffany & Co.,American multinational luxury jewelry and specialty retailer,46.0,Tiffany & Co.,46,,29157.0,26.29,,+7%,-52%,26094.0,+20%,+3%,>5000 (breakout),>5000 (breakout),True,True,False,0.12495093205560202,0.0,0.5268770389295728,trends+pv,0.23978696259102228,0.7533509795490358,0.3168215651347243,69,32.3,C
Q604667,Emilio Pucci,"Italian noble, fashion designer and politician (1914-1992)",18.0,Emilio Pucci,17,,8659.0,,,-7%,-22%,7528.0,-20%,+300%,>5000 (breakout),>5000 (breakout),True,False,False,0.0,0.0,0.28712547324898813,pv,0.28712547324898813,0.47125361423997153,0.31474469439763564,70,32.1,C
Q759210,Givenchy,French luxury brand,46.0,Givenchy,45,,18264.0,88.0,36.53,-5%,-24%,13465.0,+1%,-8%,+3200%,>5000 (breakout),True,True,True,0.22860490425166272,0.13211892439461892,0.4169997584833961,trends+news+pv,0.23733808114089627,0.7533509795490358,0.3147400159021172,71,32.1,C
Q482539,Fila,South Korean clothing and consumer goods manufacturer,40.0,Fila,39,,26100.0,56.46,68.86,-9%,-21%,20458.0,+1%,+160%,+500%,>5000 (breakout),True,True,True,0.18311108833031536,0.18139432775338965,0.4984919023175189,trends+news+pv,0.24567222295467833,0.7025034107220263,0.3141969011197805,72,32.1,C
Q948531,Celine,French luxury fashion house,39.0,Celine (brand),38,,13024.0,97.6,73.06,-11%,-47%,11616.0,-5%,-20%,+3100%,>5000 (breakout),True,True,True,0.2407515632771911,0.1868443747250156,0.35213569294571856,trends+news+pv,0.24685623264524398,0.6936665380600233,0.3138777784574609,73,32.0,C
Q2782017,Napapijri,Italian clothing brand,11.0,Napapijri,10,,9148.0,,,+32%,+3%,7651.0,>5000 (breakout),+30%,0%,0%,True,False,False,0.0,0.0,0.2951215561129051,pv,0.2951215561129051,0.3683958965174856,0.3061127071735922,74,31.2,C
Q246655,Next,British retailer,14.0,Next plc,13,,9868.0,192.23,73.06,+3%,+9%,9917.0,+3%,+1%,+850%,>5000 (breakout),True,True,True,0.3378740129322699,0.1868443747250156,0.3065154884388044,trends+news+pv,0.2862934165714005,0.4156066225731105,0.305690397471657,75,31.2,C
Q894874,Bottega Veneta,Italian fashion company,39.0,Bottega Veneta,38,,16653.0,88.46,40.47,-9%,-39%,12160.0,-3%,-2%,>5000 (breakout),>5000 (breakout),True,True,True,0.22920161556551938,0.13906146343818906,0.39818426606157337,trends+news+pv,0.23595610002653108,0.6936665380600233,0.30461266573155493,76,31.1,C
Q158285,Diesel,"Italian retail clothing company, located in Breganze, Italy",29.0,Diesel (company),29,,14598.0,119.54,45.73,+33%,+30%,16667.0,-2%,+5%,+950%,>5000 (breakout),True,True,True,0.26644086365704345,0.14782258545937774,0.37280740824771486,trends+news+pv,0.252128689115878,0.5981601002283233,0.30403340078274477,77,31.0,C
Q43452713,On,Swiss Performance Running Shoes & Clothing,14.0,On (company),13,,49532.0,68.8,48.62,-32%,-53%,45309.0,+8%,+20%,+1050%,>5000 (breakout),True,True,True,0.2021335605556705,0.1524220051237856,0.6867217241380683,trends+news+pv,0.28413772664258463,0.4156066225731105,0.3038580610321635,78,31.0,C
Q634881,Tommy Hilfiger B.V.,American multinational corporation that designs and manufactures apparel,37.0,Tommy Hilfiger (company),35,,13649.0,89.6,44.68,-7%,-11%,12902.0,-3%,-10%,+950%,>5000 (breakout),True,True,True,0.2306737690838047,0.14611566382689967,0.3604858905658239,trends+news+pv,0.23126876180313705,0.675646145493611,0.2979253693567081,79,30.4,C
Q2072372,streetwear,"style of casual clothing developed in the 1990s from Californian surf and skate culture to encompass elements of sportswear, hip hop, punk and Japanese street fashion",17.0,Streetwear,15,,7465.0,,,-1%,-7%,6111.0,-7%,-20%,+350%,>5000 (breakout),True,False,False,0.0,0.0,0.2665954667079846,pv,0.2665954667079846,0.45797619248420973,0.29530257557441836,80,30.1,C
Q1548951,Moncler,Italian luxury fashion company,22.0,Moncler,21,,20143.0,106.06,36.53,+8%,-17%,13625.0,+20%,-6%,+1800%,>5000 (breakout),True,True,True,0.2509689642713348,0.13211892439461892,0.43792519352733805,trends+news+pv,0.2527051981595207,0.5209904731776234,0.2929479894122361,81,29.9,C
Q950042,Stone Island,Italian brand,20.0,Stone Island,18,,19839.0,58.06,,+19%,-38%,14366.0,-20%,+70%,+1350%,>5000 (breakout),True,True,False,0.18568752291128537,0.0,0.4346080266434442,trends+pv,0.25680766683475936,0.49674492552822314,0.2927982556387789,82,29.9,C
Q2736351,Agatha Ruiz de la Prada,Spanish fashion designer and Grandee,14.0,Ágatha Ruiz de la Prada,12,,7693.0,,,+7%,-52%,5052.0,-8%,-30%,0%,0%,True,False,False,0.0,0.0,0.27063609625571744,pv,0.27063609625571744,0.4156066225731105,0.29238167520332636,83,29.8,C
Q123700068,Alo Yoga,athletic apparel retailer,5.0,Alo Yoga,5,,20564.0,161.6,73.06,-15%,+1%,20343.0,+30%,+40%,+900%,>5000 (breakout),True,True,True,0.30978820997106155,0.1868443747250156,0.44247796876419776,trends+news+pv,0.299443011155875,0.24837246276411157,0.2917824288971105,84,29.8,C
Q966905,Loewe,"fashion house specialising in leather goods, clothing, perfumes and other fashion accessories",21.0,Loewe (fashion brand),20,,24676.0,91.66,36.53,-7%,-21%,24173.0,0%,-10%,>5000 (breakout),>5000 (breakout),True,True,True,0.23331041890296564,0.13211892439461892,0.4847024723789673,trends+news+pv,0.25323138124566197,0.5090120795127969,0.29159848598573224,85,29.7,C
Q648458,Birkenstock,German shoe manufacturer,23.0,Birkenstock,22,,23883.0,80.92,44.68,+13%,-4%,41673.0,-30%,+800%,+300%,>5000 (breakout),True,True,True,0.2192159470264276,0.14611566382689967,0.47685055618420813,trends+news+pv,0.24881278389812533,0.5326995862526512,0.2913958042513042,86,29.7,C
Q849724,Q849724,Italian menswear house,29.0,Brioni (brand),28,,5786.0,,,-15%,-40%,4560.0,-6%,+8%,>5000 (breakout),>5000 (breakout),True,False,False,0.0,0.0,0.23470755474572602,pv,0.23470755474572602,0.5981601002283233,0.2892254365681156,87,29.5,C
Q2263500,Ellesse,Italian sports apparel company,11.0,Ellesse,10,,7644.0,,,-5%,-13%,7514.0,+6%,+1050%,0%,0%,True,False,False,0.0,0.0,0.2697728210219872,pv,0.2697728210219872,0.3683958965174856,0.2845662823463119,88,29.0,C
Q1660552,Patagonia,American clothing company,26.0,"Patagonia, Inc.",25,,33207.0,54.17,24.44,-25%,-27%,20567.0,+1%,+250%,>5000 (breakout),>5000 (breakout),True,True,True,0.17935918621357974,0.10806642735108225,0.5622800506505286,trends+news+pv,0.23455553144222024,0.5663763566299813,0.2843286552203844,89,29.0,C
Q658961,Piaget,Swiss luxury watchmaker and jeweller,27.0,Piaget SA,26,,5378.0,,,-7%,-13%,4373.0,-10%,-20%,0%,0%,True,False,False,0.0,0.0,0.22628108534483854,pv,0.22628108534483854,0.5771654471651555,0.27891373961788607,90,28.5,C
Q2832297,ALDO,Canadian premium shoe retailer,8.0,Aldo (brand),7,,5274.0,138.74,,-1%,-23%,4618.0,-4%,+130%,>5000 (breakout),>5000 (breakout),True,True,False,0.2870417387268098,0.0,0.22408248753083312,trends+pv,0.26905338124224504,0.3141690761599811,0.27582073547990543,91,28.1,C
Q3645582,Brunello Cucinelli,Italian luxury fashion house,10.0,Brunello Cucinelli (brand),10,,7202.0,,,,,6968.0,,,,,True,False,False,0.0,0.0,0.2618571354825463,pv,0.2618571354825463,0.35125170536101313,0.27526632096431636,92,28.1,C
Q3322945,Stradivarius,women's clothing fashion brand,23.0,Stradivarius (fashion retailer),22,,4228.0,113.6,81.21,+17%,+143%,5102.0,-2%,-5%,+250%,>5000 (breakout),True,True,True,0.2597367324322402,0.19699034849140856,0.20063437504973636,trends+news+pv,0.22909234577348994,0.5326995862526512,0.27463343184536415,93,28.0,C
Q3327046,OYSHO,clothing retailer of women's sportswear and leisure wear,20.0,Oysho,19,,5820.0,,,+31%,-13%,5281.0,+60%,+20%,+450%,>5000 (breakout),True,False,False,0.0,0.0,0.23539614513384588,pv,0.23539614513384588,0.49674492552822314,0.27459846219300243,94,28.0,C
Q1400977,Missoni,Italian fashion house,21.0,Missoni,21,,5708.0,,,-48%,-23%,4326.0,-30%,+50%,0%,no-data,True,False,False,0.0,0.0,0.23312016210442607,pv,0.23312016210442607,0.5090120795127969,0.2745039497156817,95,28.0,C
Q593680,Borsalino,Italian hat company,27.0,Borsalino,26,,5134.0,,,-2%,-16%,4631.0,>5000 (breakout),0%,0%,0%,True,False,False,0.0,0.0,0.22108831326566097,pv,0.22108831326566097,0.5771654471651555,0.27449988335058517,96,28.0,C
Q691029,Pull&Bear,multinational clothing retailer from Spain,32.0,Pull&Bear,31,,10426.0,71.77,44.68,+41%,+3%,12181.0,-5%,-10%,+250%,>5000 (breakout),True,True,True,0.20645037691605203,0.14611566382689967,0.31506249979158174,trends+news+pv,0.21007238756441227,0.6283381523199622,0.27281225227774475,97,27.8,C
Q706421,New Yorker,German clothing retailer,21.0,New Yorker (clothing),20,,7714.0,83.2,97.24,-5%,+3%,7030.0,-3%,0%,+200%,>5000 (breakout),True,True,True,0.22228280581651416,0.21555726685015897,0.27100522954333667,trends+news+pv,0.2300096288719721,0.5090120795127969,0.2718599964680958,98,27.7,C
Q1361595,Erreà,Italian sports equipment company supplier,29.0,Erreà,28,,4772.0,,,-4%,+16%,5180.0,+60%,-20%,0%,0%,True,False,False,0.0,0.0,0.21315134219165677,pv,0.21315134219165677,0.5981601002283233,0.27090265589715673,99,27.6,C
Q1341990,Strauss,"Retailer for Workwear, Safety Footwear & Personal Protective Equipment",10.0,Strauss (company),9,,10895.0,89.37,,-7%,-14%,7885.0,-6%,+750%,>5000 (breakout),>5000 (breakout),True,True,False,0.23037751317861369,0.0,0.32207088858719607,trends+pv,0.2565756204382087,0.35125170536101313,0.2707770331766294,100,27.6,C
Q1075391,Chloé,French fashion house created by Gaby Aghion,30.0,Chloé,29,,11012.0,85.26,24.44,-5%,-21%,8681.0,-6%,-10%,+2700%,>5000 (breakout),True,True,True,0.22501779837828603,0.10806642735108225,0.323795609432914,trends+news+pv,0.2096879492810505,0.6083857999304881,0.26949262687846615,101,27.5,C
Q788231,Massimo Dutti,multinational clothing retailer from Spain,33.0,Massimo Dutti,32,,15683.0,67.66,16.29,+30%,+8%,15748.0,+30%,+1%,+2600%,>5000 (breakout),True,True,True,0.20045191228179543,0.08822684221960009,0.38641361977594435,trends+news+pv,0.20397673276196662,0.6380804100681715,0.26909228435789734,102,27.4,C
Q3192653,Kangol,English clothing company,10.0,Kangol,9,,6802.0,,,-2%,-32%,5350.0,+110%,+3800%,0%,0%,True,False,False,0.0,0.0,0.2544814718809473,pv,0.2544814718809473,0.35125170536101313,0.26899700690295714,103,27.4,C
Q2456630,Trussardi,Italian fashion company,15.0,Trussardi,14,,6065.0,,,+21%,+21%,6379.0,-20%,-7%,>5000 (breakout),>5000 (breakout),True,False,False,0.0,0.0,0.24029971559645835,pv,0.24029971559645835,0.43019372470845035,0.26878381696325715,104,27.4,C
Q60772401,COS,London-based fashion brand,4.0,COS (fashion brand),3,,8057.0,,,,,6037.0,,,,,True,False,False,0.0,0.0,0.276964773717609,pv,0.276964773717609,0.2221510841918355,0.26874272028874296,105,27.4,C
Q53472173,Off-White,Italian luxury fashion label founded by Virgil Abloh,19.0,Off-White (company),19,,12089.0,117.26,20.24,-5%,-39%,9732.0,+1%,0%,>5000 (breakout),>5000 (breakout),True,True,True,0.2638877024329527,0.09834345171463538,0.3392603009409638,trends+news+pv,0.22929894691905972,0.48416706309510354,0.26752916434546625,106,27.3,C
Q4115012,Giordano,"Hong Kong-based retailer of men's, women's and children's quality apparel",13.0,Giordano International,12,,6251.0,,,-11%,-25%,4437.0,+3%,+5%,>5000 (breakout),>5000 (breakout),True,False,False,0.0,0.0,0.2439566177754137,pv,0.2439566177754137,0.40048856247679027,0.26743640948062014,107,27.3,C
Q1726925,Maison Margiela,French fashion house,15.0,Maison Margiela,14,,23692.0,81.6,24.44,+3%,-39%,15984.0,+9%,+3%,+1050%,>5000 (breakout),True,True,True,0.22013509548966867,0.10806642735108225,0.47493996530519805,trends+news+pv,0.23747546901119862,0.43019372470845035,0.26638320736578636,108,27.2,C
Q688082,Bata,footwear and fashion accessory company,34.0,Bata Corporation,34,,29866.0,35.43,8.15,+11%,-10%,33358.0,+5%,-9%,+600%,>5000 (breakout),True,True,True,0.145054024639549,0.06240494397389145,0.5332444998076201,trends+news+pv,0.19789739547346596,0.6476761426551606,0.26536420755072015,109,27.1,C
Q817139,Benetton,Italian multinational clothing retailer,40.0,Benetton Group,40,,23293.0,38.4,3.94,+10%,-13%,21640.0,0%,-20%,>5000 (breakout),>5000 (breakout),True,True,True,0.15101142966675704,0.043389865526177435,0.4709237216592009,trends+news+pv,0.18270741882307193,0.7025034107220263,0.26067681760791506,110,26.6,C
Q1539185,Timberland,American manufacturer and retailer of outdoors wear,25.0,Timberland (company),24,,13076.0,88.69,12.09,-1%,-18%,9542.0,+10%,+80%,>5000 (breakout),>5000 (breakout),True,True,True,0.2294993894170751,0.07600695667348017,0.3528379662533178,trends+news+pv,0.20811937496124516,0.5553777104795887,0.26020812528899673,111,26.5,C
Q1056200,Cerruti 1881,French fashion house,11.0,Cerruti 1881,11,,6095.0,,,-13%,-35%,3972.0,+50%,-3%,0%,no-data,True,False,False,0.0,0.0,0.24089329340222637,pv,0.24089329340222637,0.3683958965174856,0.26001868386951527,112,26.5,C
Q1257477,Hollister Co.,American lifestyle brand owned by Abercrombie & Fitch Co.,24.0,Hollister Co.,23,,12261.0,80.92,20.24,+9%,-27%,10867.0,-70%,-80%,+80%,>5000 (breakout),True,True,True,0.2192159470264276,0.09834345171463538,0.3416652425104122,trends+news+pv,0.20744405752968686,0.5441568020760632,0.2579509692116433,113,26.3,C
Q3196299,Kiabi,French clothing retailer,11.0,,10,,5959.0,,,-6%,-20%,3739.0,+5%,+10%,+450%,no-data,True,False,False,0.0,0.0,0.23819056079018852,pv,0.23819056079018852,0.3683958965174856,0.25772136114928307,114,26.3,C
Q7131643,Pantaloons,Indian clothing retail company,4.0,Aditya Birla Fashion and Retail,4,,7216.0,,,-21%,-40%,4558.0,-10%,+20%,+130%,no-data,True,False,False,0.0,0.0,0.2621115245437706,pv,0.2621115245437706,0.2221510841918355,0.25611745849098033,115,26.1,C
Q3205965,LC Waikiki,Turkish clothing company and brand,18.0,LC Waikiki,17,,7074.0,72.46,89.36,-5%,-25%,6810.0,-20%,-30%,+650%,>5000 (breakout),True,True,True,0.20744041463436758,0.20663875345914937,0.25951973074112605,trends+news+pv,0.2176157795031538,0.47125361423997153,0.25566145471367646,116,26.1,C
Q924963,Charles Tyrwhitt,company,7.0,Charles Tyrwhitt,6,,6497.0,,,-2%,-16%,5768.0,-20%,+20%,>5000 (breakout),no-data,True,False,False,0.0,0.0,0.24871059562866335,pv,0.24871059562866338,0.2938782611274845,0.25548574545348657,117,26.1,C
Q883965,KiK,German multinational discount chain of clothing and housewares stores,11.0,KiK,10,,5237.0,96.0,,+12%,-4%,4604.0,+20%,+9%,>5000 (breakout),>5000 (breakout),True,True,False,0.2387700352326371,0.0,0.2232950733442323,trends+pv,0.23434861755023575,0.3683958965174856,0.25445570939532325,118,26.0,C
Q1684445,Superdry,British branded clothing company,15.0,Superdry & Co,14,,17995.0,36.11,,+54%,+437%,20537.0,-2%,+4%,>5000 (breakout),>5000 (breakout),True,True,False,0.1464394035076725,0.0,0.41391749179154136,trends+pv,0.22286171444592076,0.43019372470845035,0.25396151598530015,119,25.9,C
Q65090803,Fashion Nova,American based fast fashion retail company,3.0,Fashion Nova,3,,7337.0,,,,,6839.0,,,,,True,False,False,0.0,0.0,0.2642999699395937,pv,0.2642999699395937,0.19238848238838516,0.2535132468069124,120,25.9,C
Q835487,MCM Worldwide,German luxury goods house,11.0,MCM Worldwide,10,,5474.0,,,+9%,-19%,5203.0,-10%,-20%,>5000 (breakout),>5000 (breakout),True,False,False,0.0,0.0,0.2282917676006334,pv,0.2282917676006334,0.3683958965174856,0.24930738693816124,121,25.4,C
Q2749082,Lord & Taylor,American luxury department store,11.0,Lord & Taylor,11,,5467.0,,,+19%,-19%,5380.0,-20%,+20%,0%,no-data,True,False,False,0.0,0.0,0.22814575430293255,pv,0.22814575430293255,0.3683958965174856,0.2491832756351155,122,25.4,C
Q429204,C.P. Company,Italian apparel brand,9.0,C.P. Company,8,,5761.0,,,-13%,-46%,3509.0,+200%,+170%,0%,0%,True,False,False,0.0,0.0,0.234199946653903,pv,0.234199946653903,0.33322662628775324,0.24905394859898056,123,25.4,C
Q7629175,Stüssy,American clothing retailer and private company,16.0,Stüssy,15,,19749.0,54.4,32.33,+7%,-27%,18002.0,+10%,+500%,>5000 (breakout),>5000 (breakout),True,True,True,0.17973955280951298,0.12429196256360713,0.4336211022904809,trends+news+pv,0.21388158563193482,0.444302168383671,0.24844467304469525,124,25.3,C
Q821969,Berluti,luxury brand,25.0,Berluti,24,,3936.0,,,+4%,+9%,3724.0,-10%,-9%,>5000 (breakout),>5000 (breakout),True,False,False,0.0,0.0,0.19358219015375216,pv,0.19358219015375216,0.5553777104795887,0.24785151820262766,125,25.3,C
Q600986,Escada,German clothing company,21.0,Escada,20,,4170.0,,,-14%,+0%,3655.0,+20%,+1800%,0%,no-data,True,False,False,0.0,0.0,0.19925346463762114,pv,0.19925346463762114,0.5090120795127969,0.2457172568688975,126,25.1,C
Q110778161,SKIMS,American fashion company founded by Kim Kardashian,5.0,Skims,5,,13207.0,86.86,85.15,+21%,+5%,13372.0,-7%,+30%,+450%,>5000 (breakout),True,True,True,0.22711934105757609,0.2017123640958738,0.354600989476903,trends+news+pv,0.24499357765293078,0.24837246276411157,0.24550041041960788,127,25.0,C
Q1281935,Eckō Unltd.,brand of urban lifestyle clothing,12.0,Ecko Unltd.,11,,5066.0,,,+1%,-20%,4225.0,+20%,>5000 (breakout),0%,no-data,True,False,False,0.0,0.0,0.21961927165971054,pv,0.21961927165971054,0.3847769647767703,0.2443929256272695,128,24.9,C
Q1060537,Forever 21,Canadian clothing store chain owned by YM Inc and former American fast fashion retailer,25.0,Forever 21,24,,12915.0,26.06,,-6%,-50%,9439.0,-10%,-40%,>5000 (breakout),>5000 (breakout),True,True,False,0.12440316015518874,0.0,0.35065905610881326,trends+pv,0.1890477018562243,0.5553777104795887,0.24399720314972895,129,24.9,C
Q23823668,TK Maxx,Subsidiary of the American apparel and home goods company TJX Companies,5.0,TK Maxx,5,,14404.0,108.57,40.47,+17%,-5%,14536.0,+20%,+20%,+1150%,>5000 (breakout),True,True,True,0.25392129592328655,0.13906146343818906,0.3703219124035859,trends+news+pv,0.2427434694738172,0.24837246276411157,0.24358781846736133,130,24.8,C
Q664543,Deichmann,German shoe retailer,20.0,Deichmann SE,19,,5851.0,91.2,28.38,-15%,-14%,4815.0,+10%,+3%,+2400%,>5000 (breakout),True,True,True,0.23272424291153046,0.11645184906563957,0.2360222266736505,trends+news+pv,0.1985021215101872,0.49674492552822314,0.2432385421128926,131,24.8,C
Q3128675,Havaianas,flip-flop brand,15.0,Havaianas,14,,4588.0,,,+19%,+8%,6849.0,-20%,+40%,>5000 (breakout),>5000 (breakout),True,False,False,0.0,0.0,0.20900157496245425,pv,0.20900157496245425,0.43019372470845035,0.24218039742435366,132,24.7,C
Q278948,Aquascutum,trademark and fashion brand,10.0,Aquascutum,9,,5167.0,,,+1%,-17%,3830.0,+600%,+60%,0%,0%,True,False,False,0.0,0.0,0.22179772384343943,pv,0.22179772384343946,0.35125170536101313,0.2412158210710755,133,24.6,C
Q29109956,Vetements,Swiss clothing company,12.0,Vetements,12,,4866.0,,,-9%,-40%,3898.0,+10%,-80%,0%,no-data,True,False,False,0.0,0.0,0.21524045750770487,pv,0.21524045750770487,0.3847769647767703,0.24067093359806468,134,24.6,C
Q688195,Bally,Swiss luxury fashion house,10.0,Bally (fashion house),9,,5124.0,,,,,6224.0,,,,,True,False,False,0.0,0.0,0.2208728905181536,pv,0.2208728905181536,0.35125170536101313,0.24042971274458252,135,24.5,C
Q1355658,Karl Kani,American fashion designer,6.0,Karl Kani,6,,5776.0,,,-4%,-37%,4156.0,+5%,-40%,0%,0%,True,False,False,0.0,0.0,0.23450464336107973,pv,0.23450464336107973,0.2720784010380316,0.2401407070126225,136,24.5,C
Q4791147,Aritzia,Canadian women's fashion brand,2.0,Aritzia,1,,8837.0,136.46,68.86,+11%,-16%,8351.0,+9%,-3%,+800%,>5000 (breakout),True,True,True,0.2846734013573125,0.18139432775338965,0.2900616290233634,trends+news+pv,0.25476732480934583,0.15708453807999054,0.24011490679994252,137,24.5,C
Q2820820,K-way,French clothing-retail company famous for its waterproof jackets,8.0,K-Way,7,,5297.0,,,+21%,-4%,4433.0,-60%,-70%,0%,0%,True,False,False,0.0,0.0,0.22457056966724462,pv,0.22457056966724462,0.3141690761599811,0.23801034564115509,138,24.3,C
Q1422386,K-Swiss,American footwear company,15.0,K-Swiss,14,,4333.0,,,-2%,-44%,4172.0,-3%,-10%,>5000 (breakout),no-data,True,False,False,0.0,0.0,0.20311041742882482,pv,0.20311041742882482,0.43019372470845035,0.23717291352076864,139,24.2,C
Q1445358,Wrangler,American manufacturer of jeans and other clothing items,20.0,Wrangler (brand),19,,10960.0,74.06,8.15,+1%,-16%,8340.0,+10%,+5%,>5000 (breakout),>5000 (breakout),True,True,True,0.20971817069365956,0.06240494397389145,0.32303020370333196,trends+news+pv,0.1881866092796636,0.49674492552822314,0.23447035671694755,140,23.9,C
Q3197595,Kiton,Italian men's luxury fashion house,22.0,Kiton,21,,3499.0,,,+0%,-6%,2857.0,-60%,+1150%,0%,no-data,True,False,False,0.0,0.0,0.18251973327312399,pv,0.18251973327312399,0.5209904731776234,0.2332903442587989,141,23.8,C
Q25047966,Golf Wang,North American clothing line,5.0,Golf Wang,5,,5543.0,,,+1%,-76%,3521.0,-8%,-60%,0%,0%,True,False,False,0.0,0.0,0.22972607553827232,pv,0.22972607553827232,0.24837246276411157,0.23252303362214818,142,23.7,C
Q1115170,Comme des Garçons,Japanese fashion brand,24.0,Comme des Garçons,23,,20887.0,28.8,12.09,-1%,-10%,19222.0,+4%,-9%,>5000 (breakout),>5000 (breakout),True,True,True,0.13077973435321863,0.07600695667348017,0.4459394435219637,trends+news+pv,0.1773798428830461,0.5441568020760632,0.23239638676199864,143,23.7,C
Q1095857,Clarks,British international shoe manufacturer and retailer,16.0,Clarks (shoe retailer),15,,9161.0,89.6,8.15,+16%,+0%,9105.0,+3%,-3%,>5000 (breakout),>5000 (breakout),True,True,True,0.2306737690838047,0.06240494397389145,0.29533117669551345,trends+news+pv,0.19312460307317247,0.444302168383671,0.2308012378697472,144,23.5,C
Q7193265,Rocawear,clothing brand,6.0,Rocawear,6,,5221.0,,,+2%,+4%,4497.0,-3%,-20%,0%,0%,True,False,False,0.0,0.0,0.22295370861438668,pv,0.22295370861438668,0.2720784010380316,0.2303224124779334,145,23.5,C
Q305404,Intimissimi,Italian lingerie retailer owned by Calzedonia,14.0,Intimissimi,13,,4038.0,,,+9%,-8%,3496.0,-10%,+10%,>5000 (breakout),>5000 (breakout),True,False,False,0.0,0.0,0.19607445272700222,pv,0.19607445272700225,0.4156066225731105,0.22900427820391847,146,23.4,C
Q670764,Brooks Sports,sportswear company,14.0,Brooks Sports,13,,10236.0,37.49,,+3%,-17%,10256.0,+7%,+40%,>5000 (breakout),>5000 (breakout),True,True,False,0.14921137319078506,0.0,0.31217850235965255,trends+pv,0.1957734100961758,0.4156066225731105,0.22874839196771599,147,23.3,C
Q1417347,OshKosh B'Gosh,American apparel company,6.0,OshKosh B'gosh,5,,5097.0,,,+31%,+6%,6503.0,-2%,-9%,>5000 (breakout),>5000 (breakout),True,False,False,0.0,0.0,0.22029019684147352,pv,0.22029019684147352,0.2720784010380316,0.22805842747095723,148,23.3,C
Q1385309,Balmain,French fashion house,19.0,Balmain (fashion house),19,,10403.0,28.34,,+12%,-20%,8661.0,-5%,-1%,>5000 (breakout),>5000 (breakout),True,True,False,0.1297311087887796,0.0,0.31471479029790705,trends+pv,0.18258358921995893,0.48416706309510354,0.22782111030123062,149,23.2,C
Q2456205,True Religion,American clothing company,5.0,True Religion,5,,5215.0,,,-7%,-10%,4488.0,+20%,-30%,0%,0%,True,False,False,0.0,0.0,0.22282556201392686,pv,0.2228255620139269,0.24837246276411157,0.22665759712645459,150,23.1,C
Q3878818,Charles & Keith,Singaporean fashion company,7.0,Charles & Keith,6,,4813.0,,,,,4410.0,,,,,True,False,False,0.0,0.0,0.2140650590709025,pv,0.2140650590709025,0.2938782611274845,0.2260370393793898,151,23.1,C
Q917561,Kitsuné,French fashion brand and record label,12.0,Maison Kitsuné,12,,4013.0,,,+1%,-16%,3561.0,-20%,-30%,>5000 (breakout),>5000 (breakout),True,False,False,0.0,0.0,0.1954665438640753,pv,0.1954665438640753,0.3847769647767703,0.22386310700097956,152,22.8,C
Q4773903,Anthropologie,American clothing retailer,3.0,Anthropologie,2,,4030.0,99.2,,-7%,-17%,3293.0,+200%,+150%,>5000 (breakout),>5000 (breakout),True,True,False,0.2427169147707426,0.0,0.19588012715624012,trends+pv,0.22933497545231332,0.19238848238838516,0.2237930014927241,153,22.8,C
Q3274777,Evisu,a Japanese designer clothing company,10.0,Evisu,9,,4233.0,,,-13%,-43%,2724.0,-4%,-20%,0%,0%,True,False,False,0.0,0.0,0.200752974324177,pv,0.200752974324177,0.35125170536101313,0.2233277839797024,154,22.8,C
Q142691,Montblanc,German company,27.0,Montblanc (company),26,,18321.0,25.6,3.94,-20%,-8%,16550.0,+30%,+130%,>5000 (breakout),>5000 (breakout),True,True,True,0.1233003160039149,0.043389865526177435,0.4176499575087158,trends+news+pv,0.15819710916155386,0.5771654471651555,0.2210423598620941,155,22.5,C
Q16908664,Hoka,"American owned athletic shoe company, originally founded in France",16.0,Hoka,15,,14404.0,18.97,,+0%,+162%,34932.0,-50%,-80%,>5000 (breakout),>5000 (breakout),True,True,False,0.10613970406983816,0.0,0.3703219124035859,trends+pv,0.18162033502233754,0.444302168383671,0.22102261002653756,156,22.5,C
Q22910099,OBEY Clothing,American clothing company,9.0,Obey (clothing brand),8,,4252.0,,,-2%,-37%,3355.0,+1%,-40%,0%,0%,True,False,False,0.0,0.0,0.20120301400313104,pv,0.20120301400313104,0.33322662628775324,0.22100655584582435,157,22.5,C
Q571206,Tom Tailor,German clothing company,13.0,Tom Tailor,12,,3750.0,,,-18%,-20%,2911.0,-2%,-50%,0%,no-data,True,False,False,0.0,0.0,0.18895286794341845,pv,0.18895286794341845,0.40048856247679027,0.22068322212342423,158,22.5,C
Q2707765,Viktor & Rolf,Dutch fashion house,14.0,Viktor & Rolf,13,,3627.0,,,+32%,+2%,3608.0,-4%,-10%,>5000 (breakout),>5000 (breakout),True,False,False,0.0,0.0,0.1858282050531359,pv,0.1858282050531359,0.4156066225731105,0.2202949676811321,159,22.5,C
Q866899,Lanvin,French multinational high fashion house,24.0,Lanvin,23,,5938.0,28.34,,-7%,-19%,5110.0,+3%,+1%,>5000 (breakout),>5000 (breakout),True,True,False,0.1297311087887796,0.0,0.23777048893048489,trends+pv,0.16059950311498114,0.5441568020760632,0.21813309795914343,160,22.3,C
Q532310,Hummel,Danish manufacturing company of sportswear,33.0,Hummel International,32,,11372.0,27.89,3.94,+22%,+10%,14839.0,+10%,-10%,>5000 (breakout),>5000 (breakout),True,True,True,0.12869701207479625,0.043389865526177435,0.3290457454112123,trends+news+pv,0.14317461477749382,0.6380804100681715,0.21741048407109548,161,22.2,C
Q1130409,Vertu,British manufacturer and retailer of luxury mobile phones,28.0,Vertu,27,,12930.0,26.74,8.15,-19%,-62%,8990.0,+8%,-10%,>5000 (breakout),>5000 (breakout),True,True,True,0.12601577318792115,0.06240494397389145,0.35086263177537164,trends+news+pv,0.15190189614120234,0.587756522254969,0.21728009005826732,162,22.2,C
Q125206509,Patta,Dutch streetwear brand,2.0,,1,,,87.32,,,,,-20%,-6%,0%,0%,False,True,False,0.22771994513515897,0.0,0.0,trends,0.22771994513515897,0.15708453807999054,0.2171246340768837,163,22.1,C
Q18712957,Farfetch,online luxury fashion marketplace,12.0,Farfetch,11,,7906.0,55.54,40.47,+59%,-6%,8286.0,+20%,+20%,+1100%,>5000 (breakout),True,True,True,0.18161308876192822,0.13906146343818906,0.2743571350969455,trends+news+pv,0.18739641043180993,0.3847769647767703,0.217003493583554,164,22.1,C
Q3269443,Lyle & Scott,Scottish knitwear brand well known for its golfing knitwear,8.0,Lyle & Scott,7,,4192.0,,,+3%,-20%,3391.0,-8%,-10%,>5000 (breakout),>5000 (breakout),True,False,False,0.0,0.0,0.19977838187121114,pv,0.19977838187121114,0.3141690761599811,0.2169369860145266,165,22.1,C
Q17019662,Dr. Scholl's,footwear and foot care brand,9.0,Dr. Scholl's,8,,3992.0,,,+6%,-9%,4308.0,+4%,-10%,>5000 (breakout),>5000 (breakout),True,False,False,0.0,0.0,0.19495443551472183,pv,0.19495443551472183,0.33322662628775324,0.21569526413067652,166,22.0,C
Q114913,Dickies,company that manufactures and sells work-related clothing and other accessories,15.0,Dickies,14,,8438.0,30.4,,-8%,-19%,6798.0,+20%,+50%,>5000 (breakout),>5000 (breakout),True,True,False,0.13436340429192395,0.0,0.2834376996959599,trends+pv,0.17695606012164852,0.43019372470845035,0.21494170980966879,167,21.9,C
Q21463374,Nordstrom Rack,American fashion retail chain,3.0,Nordstrom Rack,2,,3365.0,92.8,,-5%,-36%,2405.0,+6%,-8%,+750%,>5000 (breakout),True,True,False,0.2347568076417841,0.0,0.17899066784843243,trends+pv,0.21882362484368365,0.19238848238838516,0.21485835347538887,168,21.9,C
Q3212802,La Senza,Canadian fashion retailer,9.0,La Senza,8,,3868.0,,,+18%,-10%,2614.0,-20%,-30%,0%,0%,True,False,False,0.0,0.0,0.19190270077935367,pv,0.19190270077935367,0.33322662628775324,0.2131012896056136,169,21.7,C
Q3946053,Salvatore Ferragamo,Italian luxury goods company,21.0,Salvatore Ferragamo (company),19,,7822.0,46.4,12.09,-16%,-35%,5407.0,-3%,+7%,>5000 (breakout),>5000 (breakout),True,True,True,0.16599813061321142,0.07600695667348017,0.2728957423731507,trends+news+pv,0.1603803007832799,0.5090120795127969,0.21267506759270743,170,21.7,C
Q83750,Desigual,clothing brand headquartered in Barcelona,20.0,Desigual,19,,6271.0,28.34,,-8%,-17%,5910.0,+50%,+250%,0%,0%,True,True,False,0.1297311087887796,0.0,0.244346574254768,trends+pv,0.16247838463620487,0.49674492552822314,0.2126183657700076,171,21.7,C
Q1371677,Etro,Italian fashion house founded in 1968,14.0,Etro,13,,3277.0,,,+2%,+3%,3260.0,+2%,+20%,>5000 (breakout),>5000 (breakout),True,False,False,0.0,0.0,0.1766347202700901,pv,0.1766347202700901,0.4156066225731105,0.21248050561554316,172,21.7,C
Q1030922,Camper,spanish footwear company from Mallorca,12.0,Camper (company),11,,3472.0,,,+174%,+103%,7915.0,+20%,+250%,0%,0%,True,False,False,0.0,0.0,0.18181416361962346,pv,0.18181416361962346,0.3847769647767703,0.21225858379319548,173,21.7,C
Q1422481,Fjällräven,Swedish outdoors clothing and equipment manufacturer and retail chain,23.0,Fjällräven,22,,8443.0,16.96,,+8%,-19%,7408.0,+130%,-20%,0%,0%,True,True,False,0.1003591861835066,0.0,0.28352166382367067,trends+pv,0.1526913226521249,0.5326995862526512,0.20969256219220384,174,21.4,C
Q5370765,J.Crew,"American multi-brand, multi-channel, specialty retailer",10.0,J.Crew,9,,6972.0,80.46,12.09,-3%,-18%,5946.0,+7%,-10%,0%,>5000 (breakout),True,True,True,0.21859197858284105,0.07600695667348017,0.25764192977168254,trends+news+pv,0.18362646224780108,0.35125170536101313,0.2087702487147829,175,21.3,C
Q13882231,Alexander McQueen,British luxury fashion house,34.0,Alexander McQueen (fashion house),33,,6821.0,30.4,3.94,-25%,-53%,5977.0,0%,-20%,>5000 (breakout),>5000 (breakout),True,True,True,0.13436340429192395,0.043389865526177435,0.2548366450780457,trends+news+pv,0.13116599081942434,0.6476761426551606,0.20864251359478475,176,21.3,C
Q659863,Moschino,Italian luxury fashion house,28.0,Moschino,27,,7511.0,32.46,8.15,-15%,-31%,5253.0,+3%,-10%,>5000 (breakout),>5000 (breakout),True,True,True,0.1388412339266108,0.06240494397389145,0.2674155978146707,trends+news+pv,0.14162521971840697,0.587756522254969,0.20854491509889128,177,21.3,C
Q2719846,Billionaire Boys Club,American and Japanese clothing retailer established by Pharrell Williams and Nigo,7.0,Billionaire Boys Club (clothing retailer),7,,3905.0,,,-6%,-57%,3238.0,+60%,-4%,0%,0%,True,False,False,0.0,0.0,0.19281835494737018,pv,0.19281835494737018,0.2938782611274845,0.20797734087438732,178,21.2,C
Q1151774,Max Mara,Italian fashion company,26.0,Max Mara,25,,8062.0,38.4,3.94,-12%,-28%,6790.0,+20%,+20%,>5000 (breakout),>5000 (breakout),True,True,True,0.15101142966675704,0.043389865526177435,0.27705069956390976,trends+news+pv,0.1439328144040137,0.5663763566299813,0.20729934573790884,179,21.1,C
Q3073195,Furla,Italian fashion company,11.0,Furla,10,,3323.0,,,+0%,-13%,2854.0,-60%,+30%,0%,0%,True,False,False,0.0,0.0,0.17787013096701362,pv,0.17787013096701362,0.3683958965174856,0.20644899579958442,180,21.1,C
Q938773,DKNY,New York-based fashion house,27.0,DKNY,26,,7900.0,30.4,8.15,+1%,-23%,6157.0,-3%,+30%,>5000 (breakout),>5000 (breakout),True,True,True,0.13436340429192395,0.06240494397389145,0.27425300815217524,trends+news+pv,0.14075378696856444,0.5771654471651555,0.2062155359980531,181,21.0,C
Q10853153,United Arrows,Japanese clothing brand,4.0,United Arrows,4,,4290.0,,,-3%,+22%,4381.0,-30%,+4%,>5000 (breakout),>5000 (breakout),True,False,False,0.0,0.0,0.2021000869169163,pv,0.2021000869169163,0.2221510841918355,0.20510773650815417,182,20.9,C
Q28224724,Golden Goose,Italian footwear company,7.0,Golden Goose (company),6,,7369.0,69.26,28.38,+3%,-3%,6572.0,+10%,-10%,>5000 (breakout),no-data,True,True,True,0.20280817200705992,0.11645184906563957,0.26487570915405706,trends+news+pv,0.18931478255403325,0.2938782611274845,0.20499930434005093,183,20.9,C
Q3866987,Mulberry,"fashion company founded in England in 1971, known internationally for its leather goods, in particular women's handbags",9.0,Mulberry Group,8,,1319.0,74.52,,-12%,-30%,1035.0,-9%,+9%,>5000 (breakout),>5000 (breakout),True,True,False,0.21036846115572358,0.0,0.11206248582528426,trends+pv,0.18228103963274092,0.33322662628775324,0.20492287763099276,184,20.9,C
Q2979949,Club Monaco,"mid-priced, high-end casual clothing retailer",8.0,Club Monaco,7,,3554.0,,,+25%,+2%,3705.0,+40%,+400%,0%,0%,True,False,False,0.0,0.0,0.18394863350009322,pv,0.1839486335000932,0.3141690761599811,0.20348169989907638,185,20.8,C
Q4038967,Fred Perry,British clothing brand,12.0,Fred Perry (clothing label),10,,7916.0,28.11,,+3%,-5%,8187.0,+2%,>5000 (breakout),0%,0%,True,True,False,0.1292036045263445,0.0,0.27453059223957965,trends+pv,0.17072560101584028,0.3847769647767703,0.20283330557997978,186,20.7,C
Q842174,Eddie Bauer,American clothing company,9.0,Eddie Bauer,9,,10820.0,38.86,36.53,-17%,+6%,8518.0,+100%,+160%,>5000 (breakout),>5000 (breakout),True,True,True,0.1519132325372947,0.13211892439461892,0.32096042364949795,trends+news+pv,0.1797843783169326,0.33322662628775324,0.20280071551255568,187,20.7,C
Q43082416,Aimé Leon Dore,fashion brand,3.0,Aimé Leon Dore,2,,4330.0,,,+3%,-5%,3488.0,-10%,>5000 (breakout),>5000 (breakout),>5000 (breakout),True,False,False,0.0,0.0,0.20304009239327156,pv,0.20304009239327156,0.19238848238838516,0.2014423508925386,188,20.5,C
Q104846139,Savage X Fenty,Lingerie line,3.0,Savage X Fenty,3,,4247.0,,,+6%,-24%,3274.0,-50%,-60%,0%,0%,True,False,False,0.0,0.0,0.20108468016121653,pv,0.20108468016121653,0.19238848238838516,0.19978025049529183,189,20.4,C
Q17141914,Scotch & Soda,Dutch fashion retail company,6.0,Scotch & Soda (clothing),5,,3639.0,,,,,3029.0,,,,,True,False,False,0.0,0.0,0.18613535932069236,pv,0.18613535932069236,0.2720784010380316,0.19902681557829324,190,20.3,C
Q950766,Safilo,Italian eyewear company,7.0,Safilo,7,,3376.0,,,-3%,-27%,3255.0,-8%,-20%,0%,0%,True,False,False,0.0,0.0,0.1792829844779468,pv,0.1792829844779468,0.2938782611274845,0.19647227597537745,191,20.0,C
Q5715308,Henri Bendel,American fashion company,6.0,Henri Bendel,5,,3486.0,,,+19%,-50%,2702.0,+250%,-40%,0%,0%,True,False,False,0.0,0.0,0.182180355659545,pv,0.182180355659545,0.2720784010380316,0.19566506246631796,192,20.0,C
Q1027874,Oniverse,Italian lingerie company,20.0,Oniverse,19,,5555.0,40.46,8.15,-1%,+239%,5528.0,-30%,-5%,+250%,no-data,True,True,True,0.15500908268661792,0.06240494397389145,0.22997460724695004,trends+news+pv,0.1422209459848664,0.49674492552822314,0.1953995429163699,193,19.9,C
Q4850707,Baleno,Hong Kong clothing retailer,4.0,Baleno (clothing retailer),3,,1329.0,58.06,129.83,-9%,-25%,982.0,+90%,+350%,0%,0%,True,True,True,0.18568752291128537,0.2490736137063136,0.11248648463772355,trends+news+pv,0.19006314249508147,0.2221510841918355,0.19487633374959457,194,19.9,C
Q1355904,Zegna,Italian luxury fashion house,20.0,Zegna,19,,11007.0,7.91,,-17%,-30%,8169.0,-3%,-70%,>5000 (breakout),>5000 (breakout),True,True,False,0.0685381612166953,0.0,0.3237220913679306,trends+pv,0.1414478555456197,0.49674492552822314,0.1947424160430102,195,19.9,C
Q457822,Fielmann,German multinational optician and eyewear retail chain,10.0,Fielmann AG,9,,3395.0,43.2,56.77,+19%,-5%,3686.0,+10%,+60%,>5000 (breakout),>5000 (breakout),True,True,True,0.16017180893105892,0.1647022910537065,0.17978677556277659,trends+news+pv,0.16545394689419674,0.35125170536101313,0.1933236106642192,196,19.7,C
Q1568588,Juicy Couture,American contemporary casual wear and dress clothing company,9.0,Juicy Couture,8,,6074.0,32.0,,+5%,+2%,5771.0,+30%,-60%,0%,no-data,True,True,False,0.13785394411597948,0.0,0.2404779427782691,trends+pv,0.1671750865909194,0.33322662628775324,0.19208281754544448,197,19.6,C
Q1002252,Bugatti,German fashion business,2.0,,2,,1841.0,80.92,89.36,-18%,-28%,1348.0,,,,,True,True,True,0.2192159470264276,0.20663875345914937,0.1323929162110451,trends+news+pv,0.19807818279316763,0.15708453807999054,0.19192913608619105,198,19.6,C
Q576316,Cacharel,French fashion house,13.0,Cacharel,12,,2510.0,,,-11%,-38%,2325.0,-10%,-10%,>5000 (breakout),>5000 (breakout),True,False,False,0.0,0.0,0.15458762143039162,pv,0.15458762143039162,0.40048856247679027,0.1914727625873514,199,19.5,C
Q121878733,Vuori,American contemporary clothing brand,2.0,Vuori,2,,8828.0,43.2,,-21%,-13%,7412.0,+10%,+30%,>5000 (breakout),no-data,True,True,False,0.16017180893105892,0.0,0.2899138854635245,trends+pv,0.19724097365462054,0.15708453807999054,0.19121750831842602,200,19.5,C
Q588001,Geox,Italian shoe and clothing store chain,19.0,Geox,19,,6539.0,32.0,8.15,+13%,-12%,6273.0,-1%,+80%,+500%,>5000 (breakout),True,True,True,0.13785394411597948,0.06240494397389145,0.24951319817711007,trends+news+pv,0.1375510948855792,0.48416706309510354,0.18954349011700786,201,19.3,C
Q1089081,Fiorucci,Italian fashion company,8.0,Fiorucci,8,,2937.0,,,+17%,-5%,3218.0,-20%,-30%,0%,0%,True,False,False,0.0,0.0,0.16722061928280982,pv,0.16722061928280982,0.3141690761599811,0.1892628878143855,202,19.3,C
Q42332202,Bombas,American sock manufacturer,1.0,Bombas,1,,4172.0,70.4,,+5%,-43%,2881.0,+2%,+20%,0%,0%,True,True,False,0.20447044235861941,0.0,0.19930124151509418,trends+pv,0.20299352783189792,0.11107554209591775,0.18920582997150087,203,19.3,C
Q1484081,G-Star Raw,Dutch designer clothing company,14.0,G-Star (company),13,,4204.0,27.2,,+1%,+148%,4231.0,+6%,-10%,>5000 (breakout),>5000 (breakout),True,True,False,0.1270950566390442,0.0,0.20006411986973674,trends+pv,0.14794336041924205,0.4156066225731105,0.18809284974232232,204,19.2,C
Q1280255,ECCO,shoe company,20.0,ECCO,20,,5083.0,39.09,3.94,+6%,-7%,4674.0,-10%,-1%,>5000 (breakout),>5000 (breakout),True,True,True,0.1523621323849739,0.043389865526177435,0.2199874517533217,trends+news+pv,0.1331955162010045,0.49674492552822314,0.18772792760008727,205,19.1,C
Q1921997,Merrell,American footwear company,12.0,Merrell (company),11,,6205.0,22.86,,+29%,-2%,6238.0,+2%,+80%,0%,0%,True,True,False,0.11651512891364958,0.0,0.24305734358601408,trends+pv,0.152670047391468,0.3847769647767703,0.18748608499926334,206,19.1,C
Q265056,s.Oliver,German fashion company,12.0,S.Oliver,11,,4518.0,28.34,,-13%,-17%,3889.0,-9%,-10%,>5000 (breakout),no-data,True,True,False,0.1297311087887796,0.0,0.20740105799901531,trends+pv,0.15192252284884697,0.3847769647767703,0.18685068913803546,207,19.1,C
Q20716793,Pink,Victoria's Secret lingerie and apparel collection for young women,5.0,Pink (Victoria's Secret),4,,3251.0,,,+5%,-14%,3173.0,+30%,0%,>5000 (breakout),>5000 (breakout),True,False,False,0.0,0.0,0.17593260730514101,pv,0.17593260730514101,0.24837246276411157,0.18679858562398657,208,19.1,C
Q5203233,D-A-S-H,closed fashion chain,6.0,Dash (boutique),6,,3049.0,,,+5%,-20%,2819.0,,,no-data,no-data,True,False,False,0.0,0.0,0.1703791967277906,pv,0.1703791967277906,0.2720784010380316,0.18563407737432672,209,18.9,C
Q1427623,Haglöfs,company,14.0,Haglöfs,13,,2202.0,,,+6%,-17%,1537.0,+20%,+3500%,0%,0%,True,False,False,0.0,0.0,0.14479264828620964,pv,0.14479264828620964,0.4156066225731105,0.18541474442924474,210,18.9,C
Q2672003,Celio,French men's clothing retailer,11.0,Celio (retailer),10,,4644.0,28.34,,-10%,-25%,3678.0,-30%,-10%,>5000 (breakout),>5000 (breakout),True,True,False,0.1297311087887796,0.0,0.2102732173124451,trends+pv,0.1527431397955412,0.3683958965174856,0.18509105330383285,211,18.9,C
Q651470,etnies,American footwear and apparel brand,15.0,Etnies,14,,2086.0,,,-3%,-27%,1981.0,+6%,+5%,0%,0%,True,False,False,0.0,0.0,0.14092725937422096,pv,0.14092725937422096,0.43019372470845035,0.18431722917435536,212,18.8,C
Q1136426,Hackett,multi-channel British menswear clothing brand and retailer,12.0,Hackett London,11,,2323.0,,,-10%,+68%,2123.0,-30%,-40%,0%,0%,True,False,False,0.0,0.0,0.14871763113075886,pv,0.14871763113075886,0.3847769647767703,0.1841265311776606,213,18.8,C
Q378698,Jaeger-LeCoultre,Swiss luxury watches and clocks manufactured since 1833,22.0,Jaeger-LeCoultre,21,,14021.0,10.03,3.94,+1%,+11%,13908.0,+10%,+40%,>5000 (breakout),>5000 (breakout),True,True,True,0.07717820498296578,0.043389865526177435,0.36536534233339135,trends+news+pv,0.12467913061601439,0.5209904731776234,0.18412583200025573,214,18.8,C
Q6925414,Mountain Warehouse,British outdoors clothing and equipment retail chain,5.0,Mountain Warehouse,4,,3123.0,,,+4%,-16%,2483.0,0%,-30%,>5000 (breakout),>5000 (breakout),True,False,False,0.0,0.0,0.17243437462990654,pv,0.17243437462990654,0.24837246276411157,0.1838250878500373,215,18.8,C
Q147505,Zappos,online shoe and clothing shop,14.0,Zappos,13,,9082.0,28.8,8.15,+0%,-18%,7001.0,+60%,+40%,>5000 (breakout),>5000 (breakout),True,True,True,0.13077973435321863,0.06240494397389145,0.2940550234285268,trends+news+pv,0.14292235505448211,0.4156066225731105,0.18382499518227635,216,18.8,C
Q2967663,Church's,high-end English footwear manufacturer,12.0,Church's,11,,2307.0,,,-8%,-30%,1612.0,-1%,+50%,0%,0%,True,False,False,0.0,0.0,0.148204589045843,pv,0.148204589045843,0.3847769647767703,0.1836904454054821,217,18.7,C
Q182399,J. Barbour and Sons,English luxury fashion business founded by John Barbour in 1894,20.0,Barbour (company),19,,9685.0,5.65,,-10%,-12%,5752.0,+6%,-30%,>5000 (breakout),>5000 (breakout),True,True,False,0.057925318563559036,0.0,0.3036600552612107,trends+pv,0.12813524333431667,0.49674492552822314,0.18342669566340264,218,18.7,C
Q107394262,Ami Paris,French luxury ready-to-wear fashion house founded in Paris in 2011,3.0,AMI Paris,3,,3434.0,,,-11%,-16%,2584.0,+30%,+300%,0%,0%,True,False,False,0.0,0.0,0.18081647547948237,pv,0.18081647547948237,0.19238848238838516,0.1825522765158178,219,18.6,C
Q5915543,House of Worth,French house of high fashion,11.0,House of Worth,10,,2353.0,,,+2%,-63%,2026.0,>5000 (breakout),-90%,0%,0%,True,False,False,0.0,0.0,0.1496748452465437,pv,0.1496748452465437,0.3683958965174856,0.182483002937185,220,18.6,C
Q3317844,Modell's,online sporting goods store with locations in the Northeastern United States,3.0,Modell's Sporting Goods,2,,3414.0,,,-60%,+11%,3465.0,+30%,+90%,0%,0%,True,False,False,0.0,0.0,0.18028915888427868,pv,0.18028915888427868,0.19238848238838516,0.18210405740989466,221,18.6,C
Q3328552,Uterqüe,clothing and accessories brand of Massimo Dutti,14.0,Uterqüe,13,,2075.0,,,-5%,-34%,1571.0,+30%,-70%,0%,0%,True,False,False,0.0,0.0,0.14055519587776572,pv,0.14055519587776572,0.4156066225731105,0.18181290988206741,222,18.5,C
Q138318202,Syrn,American lingerie brand,3.0,Syrn,3,,3328.0,,,,,1343.0,,,no-data,no-data,True,False,False,0.0,0.0,0.1780038980995303,pv,0.1780038980995303,0.19238848238838516,0.1801615857428585,223,18.4,C
Q641722,John Lobb Bootmaker,company,13.0,John Lobb Bootmaker,12,,2093.0,,,,,1830.0,-9%,+2%,0%,0%,True,False,False,0.0,0.0,0.14116351647113531,pv,0.14116351647113531,0.40048856247679027,0.18006227337198355,224,18.4,C
Q6981479,Nautica,American clothing company,11.0,Nautica,10,,6809.0,38.86,8.15,-3%,-9%,5870.0,0%,-10%,>5000 (breakout),>5000 (breakout),True,True,True,0.1519132325372947,0.06240494397389145,0.2546123828066123,trends+news+pv,0.14560057602213725,0.3683958965174856,0.1790198740964395,225,18.3,C
Q16992933,Fabletics,"American online subscription retailer that sells women's sportswear, footwear and accessories",3.0,Fabletics,3,,6584.0,35.2,,+2%,-15%,5343.0,+40%,-30%,0%,0%,True,True,False,0.14458243634399287,0.0,0.25037027439418263,trends+pv,0.1748075329297614,0.19238848238838516,0.17744467534855496,226,18.1,C
Q2670328,River Island,English fashion brand,11.0,River Island,10,,3000.0,56.0,8.15,-18%,-72%,2341.0,-10%,-20%,>5000 (breakout),>5000 (breakout),True,True,True,0.18236362669013875,0.06240494397389145,0.1690045829060098,trends+news+pv,0.14370421311843878,0.3683958965174856,0.1774079656282958,227,18.1,C
Q23672312,Herschel,"company that manufactures backpacks, bags, accessories, and other travel goods",8.0,Herschel Supply Co.,7,,2434.0,,,+9%,-31%,2286.0,-10%,-7%,>5000 (breakout),>5000 (breakout),True,False,False,0.0,0.0,0.15222926171976311,pv,0.15222926171976311,0.3141690761599811,0.1765202338857958,228,18.0,C
Q56246099,Gymshark,British sports clothing and accessories company,9.0,Gymshark,9,,14798.0,5.65,,-3%,-48%,11965.0,-8%,+40%,0%,0%,True,True,False,0.057925318563559036,0.0,0.3753525457228097,trends+pv,0.14861881203763067,0.33322662628775324,0.17630998417514904,229,18.0,C
Q927272,NKD,German multinational discount chain of clothing and housewares stores,10.0,NKD (retailer),9,,3472.0,28.34,,+16%,+16%,3454.0,-2%,+20%,>5000 (breakout),>5000 (breakout),True,True,False,0.1297311087887796,0.0,0.18181416361962346,trends+pv,0.14461198159759214,0.35125170536101313,0.1756079401621053,230,17.9,C
Q1028975,Jacques Fath,French fashion designer (1912–1954),11.0,Jacques Fath,10,,2104.0,,,+63%,+62%,3174.0,>5000 (breakout),>5000 (breakout),0%,0%,True,False,False,0.0,0.0,0.14153398082788582,pv,0.14153398082788582,0.3683958965174856,0.17556326818132578,231,17.9,C
Q4902942,Biba,fashion company,7.0,Biba,6,,4921.0,27.66,,-22%,-7%,3934.0,>5000 (breakout),-30%,0%,0%,True,True,False,0.12816525173390061,0.0,0.21645346215892555,trends+pv,0.15339045471247917,0.2938782611274845,0.17446362567472995,232,17.8,C
Q122055705,Polène,French leathergoods company,2.0,Polène,2,,3300.0,,,,,2448.0,,,,,True,False,False,0.0,0.0,0.17725350193312903,pv,0.17725350193312903,0.15708453807999054,0.17422815735515823,233,17.8,C
Q4112833,Caleres,American footwear company,6.0,Caleres,6,,2548.0,,,-26%,-23%,2059.0,-9%,+100%,0%,0%,True,False,False,0.0,0.0,0.15575341083708902,pv,0.15575341083708902,0.2720784010380316,0.17320215936723038,234,17.7,C
Q1893576,Topshop,British multinational fashion retailer,18.0,Topshop,17,,4582.0,12.23,,-18%,-26%,3721.0,-10%,-60%,0%,no-data,True,True,False,0.08522312116198562,0.0,0.20886486836876117,trends+pv,0.12054933464963578,0.47125361423997153,0.17315497658818613,235,17.7,C
Q430230,Coleman,"brand of outdoor recreation products, especially camping gear",10.0,Coleman (brand),9,,3484.0,45.71,12.09,+0%,-11%,4257.0,-10%,+10%,>5000 (breakout),>5000 (breakout),True,True,True,0.1647592542838866,0.07600695667348017,0.18212808758913646,trends+news+pv,0.14160733166181466,0.35125170536101313,0.17305398771669445,236,17.7,C
Q4828498,Avia,American shoe company,4.0,Avia (shoes),4,,3970.0,38.4,,+6%,-24%,4088.0,+3%,-20%,>5000 (breakout),>5000 (breakout),True,True,False,0.15101142966675704,0.0,0.19441649424336435,trends+pv,0.16341287668864488,0.2221510841918355,0.17222360781412346,237,17.6,C
Q3650853,Marni,Italian luxury fashion house,11.0,Marni (brand),10,,2722.0,27.66,,-3%,-18%,2687.0,-20%,-20%,>5000 (breakout),>5000 (breakout),True,True,False,0.12816525173390061,0.0,0.16098370362212017,trends+pv,0.13754195227339192,0.3683958965174856,0.17217004391000595,238,17.6,C
Q24908552,100 Thieves,"American lifestyle brand and gaming organization based in Los Angeles, California",13.0,100 Thieves,12,,11933.0,4.8,32.33,+42%,-26%,12168.0,-30%,-7%,+20%,>5000 (breakout),True,True,True,0.05339060297701964,0.12429196256360713,0.33706423608016495,trends+news+pv,0.13139573747362496,0.40048856247679027,0.17175966122409975,239,17.5,C
Q108582148,Good American,clothing line by Emma Grede and Khloé Kardashian,1.0,Good American,1,,1657.0,70.86,,+66%,+39%,2639.0,+130%,-100%,0%,0%,True,True,False,0.20513736892205128,0.0,0.12560273851133358,trends+pv,0.1824131888047034,0.11107554209591775,0.17171254179838555,240,17.5,C
Q6131944,L.L.Bean,American outdoor clothing retailer,6.0,L.L.Bean,6,,10982.0,12.37,,+7%,-15%,8902.0,0%,+3%,>5000 (breakout),>5000 (breakout),True,True,False,0.0857095187913188,0.0,0.3233542503162744,trends+pv,0.1536080135127347,0.2720784010380316,0.17137857164152923,241,17.5,C
Q5206207,Designer Brands,footwear retailer,6.0,Designer Brands,5,,2130.0,64.91,16.29,+2%,+7%,2147.0,+9%,-9%,>5000 (breakout),>5000 (breakout),True,True,True,0.19633603290578466,0.08822684221960009,0.14240579279192397,trends+news+pv,0.15311722767715716,0.2720784010380316,0.17096140368128832,242,17.4,C
Q1837290,Mexx,Dutch fashion brand,13.0,Mexx,12,,1780.0,,,-3%,-3%,1508.0,+100%,+80%,0%,0%,True,False,False,0.0,0.0,0.13018107555370345,pv,0.13018107555370345,0.40048856247679027,0.17072719859216648,243,17.4,C
Q6697865,Lucky Brand Jeans,American denim company,4.0,Lucky Brand Jeans,3,,2730.0,,,-10%,-12%,2376.0,+40%,-20%,0%,0%,True,False,False,0.0,0.0,0.161220096853163,pv,0.161220096853163,0.2221510841918355,0.17035974495396386,244,17.4,C
Q551889,Reusch,sports equipment and clothing company,13.0,Reusch (company),12,,1759.0,,,+48%,+138%,2789.0,+50%,>5000 (breakout),0%,0%,True,False,False,0.0,0.0,0.12941087508017401,pv,0.12941087508017401,0.40048856247679027,0.17007252818966645,245,17.3,C
Q1902277,Marmot,outdoor clothing and sporting goods company,9.0,Marmot (company),8,,2916.0,28.34,,+5%,-31%,2085.0,-6%,-4%,>5000 (breakout),>5000 (breakout),True,True,False,0.1297311087887796,0.0,0.16662172028287245,trends+pv,0.14027128350137757,0.33322662628775324,0.16921458491933392,246,17.3,C
Q54869493,Bimba y Lola,Spanish fashion retailer,5.0,,4,,2524.0,,,+25%,-74%,2473.0,-6%,-10%,>5000 (breakout),>5000 (breakout),True,False,False,0.0,0.0,0.155018142793162,pv,0.155018142793162,0.24837246276411157,0.16902129078880443,247,17.2,C
Q3943471,Scarpa,Italian footwear company,5.0,Scarpa (company),4,,2779.0,38.86,,+9%,+6%,2741.0,+1%,-4%,>5000 (breakout),>5000 (breakout),True,True,False,0.1519132325372947,0.0,0.16266050923231515,trends+pv,0.15498388302158625,0.24837246276411157,0.16899216998296504,248,17.2,C
Q873447,Gerry Weber,fashion company,7.0,Gerry Weber,6,,2242.0,,,-60%,-58%,1494.0,+9%,-70%,0%,0%,True,False,False,0.0,0.0,0.14610183087482898,pv,0.14610183087482898,0.2938782611274845,0.1682682954127273,249,17.2,C
Q2567594,Wicked Weasel,Australian swimwear and lingerie manufacturer,4.0,Wicked Weasel,4,,2598.0,,,-21%,-29%,1793.0,-9%,-50%,0%,0%,True,False,False,0.0,0.0,0.15727417929031118,pv,0.15727417929031118,0.2221510841918355,0.16700571502553982,250,17.0,C
Q1634723,Elan,Slovenian company specializing in sporting goods,17.0,Elan (company),16,,1403.0,,,-11%,-20%,967.0,0%,-10%,0%,0%,True,False,False,0.0,0.0,0.11557574184296891,pv,0.11557574184296891,0.45797619248420973,0.16693580943915504,251,17.0,C
Q3475516,Schott NYC,American clothing manufacturing company,6.0,Schott NYC,5,,2307.0,,,-2%,-6%,1463.0,+20%,-40%,0%,0%,True,False,False,0.0,0.0,0.148204589045843,pv,0.148204589045843,0.2720784010380316,0.16678566084467128,252,17.0,C
Q3504397,Avirex,American clothng company,6.0,Avirex,6,,2307.0,,,-27%,-26%,1386.0,-20%,-20%,0%,0%,True,False,False,0.0,0.0,0.148204589045843,pv,0.148204589045843,0.2720784010380316,0.16678566084467128,253,17.0,C
Q4970227,British Knights,American casual wear brand,4.0,British Knights,3,,2575.0,,,+8%,-23%,2206.0,-3%,-20%,0%,0%,True,False,False,0.0,0.0,0.1565764603277777,pv,0.1565764603277777,0.2221510841918355,0.16641265390738635,254,17.0,C
Q1784995,Alfred Dunhill,British luxury goods brand,16.0,Alfred Dunhill Limited,15,,4536.0,10.95,,-6%,+4%,4272.0,+10%,+1%,>5000 (breakout),no-data,True,True,False,0.08064013879115794,0.0,0.20781379683113035,trends+pv,0.11697546965972151,0.444302168383671,0.16607447446831392,255,16.9,C
Q65042966,R. M. Williams,Australian footwear and clothing brand,2.0,R. M. Williams (company),2,,2936.0,,,-5%,-16%,2603.0,-20%,-50%,0%,0%,True,False,False,0.0,0.0,0.16719214892944387,pv,0.16719214892944387,0.15708453807999054,0.16567600730202586,256,16.9,C
Q5499945,Free People,American bohemian apparel and lifestyle retail company,2.0,Free People,2,,2905.0,,,+4%,-1%,2960.0,-20%,+5%,>5000 (breakout),>5000 (breakout),True,False,False,0.0,0.0,0.16630715054841125,pv,0.16630715054841125,0.15708453807999054,0.16492375867814812,257,16.8,C
Q172227,Playlife,Italian sportswear brand,16.0,Playlife,15,,1400.0,,,+7%,-29%,1235.0,>5000 (breakout),>5000 (breakout),0%,0%,True,False,False,0.0,0.0,0.11545210935062798,pv,0.11545210935062798,0.444302168383671,0.16477961820558443,258,16.8,C
Q1758066,Pimkie,French fast fashion label,5.0,Pimkie,4,,2355.0,,,+1%,-8%,1964.0,-30%,-20%,0%,0%,True,False,False,0.0,0.0,0.14973844195442584,pv,0.14973844195442584,0.24837246276411157,0.1645335450758787,259,16.8,C
Q6106802,J. Press,Fashion clothier,5.0,J. Press,4,,2341.0,,,+0%,+7%,1944.0,+50%,-10%,0%,0%,True,False,False,0.0,0.0,0.14929269608190437,pv,0.14929269608190437,0.24837246276411157,0.16415466108423543,260,16.7,C
Q7444725,Sector No Limits,Italian manufacturer of jewels and watches,9.0,Sector No Limits,8,,1876.0,,,-3%,-30%,1459.0,-7%,-20%,0%,0%,True,False,False,0.0,0.0,0.13364547879259717,pv,0.13364547879259717,0.33322662628775324,0.16358265091687058,261,16.7,C
Q29015034,JW Anderson,British fashion company,3.0,JW Anderson,2,,13398.0,10.47,,+45%,+37%,13814.0,-10%,-30%,>5000 (breakout),>5000 (breakout),True,True,False,0.07885287778916025,0.0,0.35715590997082014,trends+pv,0.15836802984106307,0.19238848238838516,0.16347109772316137,262,16.7,C
Q787601,Chevignon,French clothing brand,7.0,,6,,2063.0,,,+12%,-15%,1811.0,-3%,-10%,0%,0%,True,False,False,0.0,0.0,0.1401481819078084,pv,0.1401481819078084,0.2938782611274845,0.1632076937907598,263,16.6,C
Q958209,Springfield,Spanish clothing company,7.0,,6,,2059.0,,,+17%,-16%,2206.0,-30%,-20%,>5000 (breakout),>5000 (breakout),True,False,False,0.0,0.0,0.1400122476547671,pv,0.1400122476547671,0.2938782611274845,0.1630921496756747,264,16.6,C
Q3160437,Jaeger,fashion brand,8.0,Jaeger (clothing),7,,2320.0,28.8,,-1%,-28%,1799.0,+2%,+30%,0%,0%,True,True,False,0.13077973435321863,0.0,0.14862157064202097,trends+pv,0.13587740186430503,0.3141690761599811,0.16262115300865643,265,16.6,C
Q3111039,MCS,Italian clothing brand,7.0,MCS (fashion brand),7,,2061.0,32.0,,-12%,-28%,1480.0,-10%,-5%,0%,0%,True,True,False,0.13785394411597948,0.0,0.14008023127016173,trends+pv,0.13849002616003156,0.2938782611274845,0.1617982614051495,266,16.5,C
Q25222241,'47,American clothing brand,3.0,'47 (brand),3,,5200.0,28.11,,-8%,-34%,4991.0,0%,-9%,>5000 (breakout),>5000 (breakout),True,True,False,0.1292036045263445,0.0,0.22250487262441287,trends+pv,0.1558611096972212,0.19238848238838516,0.1613402156008958,267,16.5,C
Q5213855,Jimmy Choo,British high fashion house,14.0,Jimmy Choo (fashion house),14,,6672.0,6.42,,+0%,-40%,6192.0,-60%,-4%,0%,0%,True,True,False,0.061746411234654165,0.0,0.2520379119738798,trends+pv,0.1161154114458615,0.4156066225731105,0.16103909311494885,268,16.4,C
Q1384784,Express,American fashion retailer,5.0,"Express, Inc.",4,,3131.0,29.94,,-1%,-18%,2831.0,-1%,+80%,>5000 (breakout),>5000 (breakout),True,True,False,0.13334296413003102,0.0,0.17265509071978036,trends+pv,0.14457500029853085,0.24837246276411157,0.16014461966836796,269,16.3,C
Q11815580,Pepco,European discount chain of clothing and housewares stores,20.0,Pepco (retailer),19,,5337.0,9.19,8.15,+10%,-41%,5202.0,+10%,+20%,+1550%,>5000 (breakout),True,True,True,0.07387576016054913,0.06240494397389145,0.22541689099957418,trends+news+pv,0.10074274147235684,0.49674492552822314,0.16014306908073678,270,16.3,C
Q23893788,Ivy Park,activewear clothing line,6.0,Ivy Park,6,,2061.0,,,+24%,-39%,1889.0,-20%,-40%,0%,0%,True,False,False,0.0,0.0,0.14008023127016173,pv,0.14008023127016173,0.2720784010380316,0.1598799567353422,271,16.3,C
Q11788344,CCC,Polish multinational shoe store chain,7.0,,6,,322.0,56.23,24.44,-3%,+3%,377.0,-20%,-20%,+2900%,>5000 (breakout),True,True,True,0.18273773968325868,0.10806642735108225,0.05536888654566889,trends+news+pv,0.13486257535608778,0.2938782611274845,0.15871492822179728,272,16.2,C
Q125784200,Corteiz,British streetwear brand,3.0,Corteiz,3,,6759.0,21.26,,-3%,-25%,3966.0,-9%,-80%,>5000 (breakout),no-data,True,True,False,0.11236364968417412,0.0,0.25367582264458505,trends+pv,0.15273855624429156,0.19238848238838516,0.1586860451659056,273,16.2,C
Q3835099,Liu·Jo,Italian fashion company founded by Marchi brothers in 1995,5.0,Liu Jo,4,,3223.0,28.34,,-2%,-28%,2881.0,+40%,+40%,>5000 (breakout),>5000 (breakout),True,True,False,0.1297311087887796,0.0,0.17517333850250946,trends+pv,0.14271460299270242,0.24837246276411157,0.1585632819584138,274,16.2,C
Q6077665,Jack & Jones,Danish clothing retailer,12.0,Jack & Jones,11,,4949.0,10.54,,+7%,-19%,4231.0,-7%,-10%,+550%,>5000 (breakout),True,True,False,0.07911603472783957,0.0,0.21706838800630457,trends+pv,0.11853099280740101,0.3847769647767703,0.1584678886028064,275,16.2,C
Q241295,Miss Sixty,Italian fashion brand,14.0,Miss Sixty,13,,1330.0,,,-7%,-24%,1034.0,+4%,-7%,0%,0%,True,False,False,0.0,0.0,0.1125287966514967,pv,0.11252879665149672,0.4156066225731105,0.15799047053973878,276,16.1,C
Q105476592,Tom Ford,luxury fashion house,6.0,Tom Ford (brand),6,,7929.0,11.59,,+10%,-32%,5954.0,-1%,-10%,+950%,>5000 (breakout),True,True,False,0.0829632821338684,0.0,0.2747559228138101,trends+pv,0.13776117947099462,0.2720784010380316,0.15790876270605014,277,16.1,C
Q7679064,Talbots,American women's fashion company,6.0,Talbots,5,,2572.0,28.34,,+9%,-22%,2533.0,-5%,-9%,>5000 (breakout),>5000 (breakout),True,True,False,0.1297311087887796,0.0,0.15648522415785113,trends+pv,0.13737514175137147,0.2720784010380316,0.15758063064437047,278,16.1,C
Q1373540,Frederick's of Hollywood,retailer of women's lingerie in the United States,4.0,Frederick's of Hollywood,4,,2216.0,,,-2%,-16%,2096.0,+9%,+110%,0%,0%,True,False,False,0.0,0.0,0.1452522044351448,pv,0.1452522044351448,0.2221510841918355,0.1567870363986484,279,16.0,C
Q5709676,Helmut Lang,fashion label,2.0,Helmut Lang (fashion brand),2,,2576.0,,,-6%,+6%,1935.0,-2%,-20%,0%,0%,True,False,False,0.0,0.0,0.15660686057276427,pv,0.15660686057276427,0.15708453807999054,0.1566785121988482,280,16.0,C
Q7310479,Reiss,UK-based fashion brand and retail store chain,3.0,Reiss (brand),2,,2252.0,38.86,,+14%,+3%,2457.0,-20%,+250%,0%,0%,True,True,False,0.1519132325372947,0.0,0.1464272975977769,trends+pv,0.15034582255457535,0.19238848238838516,0.1566522215296468,281,16.0,C
Q6756978,Marchesa,US women's wear brand,1.0,Marchesa (brand),1,,2848.0,,,-2%,-14%,2272.0,0%,-2%,0%,0%,True,False,False,0.0,0.0,0.16466748280006735,pv,0.16466748280006735,0.11107554209591775,0.1566286916944449,282,16.0,C
Q7488518,Shanghai Tang,Hong Kong luxury fashion house,6.0,Shanghai Tang,5,,1949.0,,,-14%,-12%,1683.0,+50%,+90%,0%,0%,True,False,False,0.0,0.0,0.13622090892524996,pv,0.13622090892524996,0.2720784010380316,0.1565995327421672,283,16.0,C
Q184399,Zeeman,multinational clothing store chain,8.0,Zeeman (store),7,,1537.0,29.26,,-28%,-12%,1328.0,+3%,+10%,>5000 (breakout),>5000 (breakout),True,True,False,0.13182001838655122,0.0,0.12096919425960091,trends+pv,0.12871978292170827,0.3141690761599811,0.15653717690744917,284,16.0,C
Q8075252,Zumiez,American clothing retailer,6.0,Zumiez,5,,2401.0,28.34,,+6%,-21%,2241.0,+4%,-10%,>5000 (breakout),>5000 (breakout),True,True,False,0.1297311087887796,0.0,0.1511937832196435,trends+pv,0.13586330148331216,0.2720784010380316,0.15629556641652007,285,15.9,C
Q138543842,Matières Fécales,fashion brand,4.0,Matières Fécales,3,,2177.0,,,,,31626.0,0%,0%,,,True,False,False,0.0,0.0,0.1439683637321306,pv,0.1439683637321306,0.2221510841918355,0.15569577180108632,286,15.9,C
Q1783759,Kookai,French fashion label,5.0,Kookai,4,,2015.0,,,-10%,+9%,1940.0,+10%,+30%,>5000 (breakout),>5000 (breakout),True,False,False,0.0,0.0,0.1385081662118606,pv,0.1385081662118606,0.24837246276411157,0.15498781069469825,287,15.8,C
Q1629990,CoverGirl,American cosmetics brand,12.0,CoverGirl,12,,2794.0,15.09,,-19%,-24%,2401.0,-3%,-5%,>5000 (breakout),>5000 (breakout),True,True,False,0.0946648665221032,0.0,0.16309890866873467,trends+pv,0.11421744999256933,0.3847769647767703,0.15480137721019946,288,15.8,C
Q12061509,Matalan,British fashion and homeware retailer,5.0,Matalan,4,,2369.0,60.8,3.94,+34%,+18%,2825.0,-9%,-20%,>5000 (breakout),>5000 (breakout),True,True,True,0.1900185486362582,0.043389865526177435,0.15018286484973595,trends+news+pv,0.1380628069459295,0.24837246276411157,0.15460925531865682,289,15.8,C
Q48770898,Buck Mason,American men's clothing brand,2.0,Buck Mason,2,,2484.0,,,+12%,-22%,2295.0,+10%,+20%,>5000 (breakout),>5000 (breakout),True,False,False,0.0,0.0,0.15378488419801875,pv,0.15378488419801875,0.15708453807999054,0.1542798322803145,290,15.7,C
Q2475146,Ulla Popken,German clothing retailer,6.0,Ulla Popken,5,,1869.0,,,-6%,-10%,1740.0,-10%,+200%,>5000 (breakout),>5000 (breakout),True,False,False,0.0,0.0,0.13339590718584657,pv,0.13339590718584657,0.2720784010380316,0.15419828126367432,291,15.7,C
Q7432952,Schuh,footwear retailer,2.0,Schuh,1,,1003.0,52.16,,+66%,+40%,1564.0,+20%,-70%,>5000% (breakout),>5000% (breakout),True,True,False,0.1760001339504618,0.0,0.09772109408987063,trends+pv,0.1536346939902929,0.15708453807999054,0.15415217060374753,292,15.7,C
Q7747373,The Limited,American apparel company,1.0,The Limited,1,,2706.0,,,+11%,-63%,2038.0,+40%,+150%,0%,0%,True,False,False,0.0,0.0,0.16050987270880687,pv,0.16050987270880687,0.11107554209591775,0.1530947231168735,293,15.6,C
Q50428076,Rebecca Minkoff,Handbag & Clothing Designer,2.0,Rebecca Minkoff (company),2,,2433.0,,,-12%,-50%,1732.0,+7%,-20%,0%,0%,True,False,False,0.0,0.0,0.15219798708939306,pv,0.15219798708939306,0.15708453807999054,0.15293096973798267,294,15.6,C
Q934096,Red Wing Shoes,"American footwear company based in Red Wing, Minnesota",9.0,Red Wing Shoes,8,,4492.0,23.77,8.15,-5%,-27%,2934.0,-20%,-70%,>5000 (breakout),>5000 (breakout),True,True,True,0.11881158725596827,0.06240494397389145,0.20680342542473248,trends+news+pv,0.11948796190509807,0.33322662628775324,0.15154876156249636,295,15.5,C
Q1578717,Rochas,French fashion house and luxury brand,10.0,Rochas,9,,1419.0,,,-2%,+3%,1416.0,-30%,+6%,0%,0%,True,False,False,0.0,0.0,0.11623289421437394,pv,0.11623289421437394,0.35125170536101313,0.15148571588636983,296,15.5,C
Q11341902,Mikimoto,,3.0,,2,,2185.0,,,-5%,-27%,2016.0,-40%,-60%,0%,0%,True,False,False,0.0,0.0,0.14423264732076327,pv,0.14423264732076327,0.19238848238838516,0.15145602258090654,297,15.4,C
Q4035334,Bossini,Hong Kong clothing retailer.,6.0,Bossini,5,,1770.0,,,-10%,-25%,1326.0,+40%,-20%,0%,0%,True,False,False,0.0,0.0,0.1298148833358805,pv,0.1298148833358805,0.2720784010380316,0.15115441099120316,298,15.4,C
Q18577819,Blanc & Eclare,fashion brand,8.0,Blanc & Eclare,7,,1549.0,,,+20%,-33%,1403.0,+850%,+200%,0%,0%,True,False,False,0.0,0.0,0.12144050459377219,pv,0.1214405045937722,0.3141690761599811,0.15034979032870355,299,15.3,C
Q42306166,Snipes,German multinational shoe store chain,3.0,,2,,2251.0,47.31,20.24,+4%,-25%,1791.0,-3%,0%,+350%,>5000 (breakout),True,True,True,0.16761801027216314,0.09834345171463538,0.14639478348666266,trends+news+pv,0.14259099734780473,0.19238848238838516,0.1500606201038918,300,15.3,C
Q2076935,Munich,Spanish shoe brand,7.0,Munich (sport shoes),6,,1622.0,,,+15%,-9%,1556.0,+10%,-20%,>5000 (breakout),>5000 (breakout),True,False,False,0.0,0.0,0.1242691360825716,pv,0.1242691360825716,0.2938782611274845,0.14971050483930853,301,15.3,C
Q4766699,Ann Taylor,American clothing company,5.0,Ann Inc.,4,,2003.0,28.34,,+26%,+3%,2348.0,0%,-20%,>5000 (breakout),>5000 (breakout),True,True,False,0.1297311087887796,0.0,0.13809511907087615,trends+pv,0.13212082601223576,0.24837246276411157,0.14955857152501714,302,15.3,C
Q5322052,E. Marinella,Italian necktie company founded by Eugenio Marinella in 1914 in Naples,11.0,E. Marinella,10,,1283.0,,,-14%,+12%,1144.0,-30%,+10%,>5000 (breakout),>5000 (breakout),True,False,False,0.0,0.0,0.1105226227558106,pv,0.1105226227558106,0.3683958965174856,0.14920361382006184,303,15.2,C
Q113992257,Cotton On,Australian-based clothing company,8.0,Cotton On Group,7,,3679.0,14.4,,-2%,-22%,2949.0,+10%,+10%,+850%,>5000 (breakout),True,True,False,0.09247523700293617,0.0,0.18715556624553378,trends+pv,0.11952675964367836,0.3141690761599811,0.14872310712112374,304,15.2,C
Q2234831,Schiesser,German underwear and lingerie brand,4.0,Schiesser,3,,1923.0,,,+20%,-12%,1726.0,+100%,+800%,0%,0%,True,False,False,0.0,0.0,0.13530925296044324,pv,0.13530925296044324,0.2221510841918355,0.14833552764515207,305,15.1,C
Q1130841,Proenza Schouler,company,6.0,Proenza Schouler,6,,1673.0,,,+2%,-27%,1342.0,-9%,-20%,>5000 (breakout),>5000 (breakout),True,False,False,0.0,0.0,0.12620769198604215,pv,0.12620769198604215,0.2720784010380316,0.14808829834384055,306,15.1,C
Q101108013,George,"UK clothing brand owed by ASDA, and sold in their stores",2.0,George (fashion label),1,,2238.0,,,+12%,-5%,2238.0,0%,+1%,no-data,no-data,True,False,False,0.0,0.0,0.14597144099532902,pv,0.14597144099532902,0.15708453807999054,0.14763840555802824,307,15.1,C
Q431607,Wolford,Austrian lingerie company,11.0,Wolford,10,,1227.0,,,-6%,-27%,974.0,-10%,-20%,0%,0%,True,False,False,0.0,0.0,0.1080836831287815,pv,0.1080836831287815,0.3683958965174856,0.1471305151370871,308,15.0,C
Q3641225,Blufin,Italian fashion company,12.0,Blufin,11,,1157.0,,,-23%,-17%,843.0,>5000 (breakout),>5000 (breakout),0%,0%,True,False,False,0.0,0.0,0.10495533850646846,pv,0.10495533850646846,0.3847769647767703,0.14692858244701373,309,15.0,C
Q1439858,Nina Ricci,French fashion house,13.0,Nina Ricci (brand),12,,3440.0,8.34,,+12%,+0%,3128.0,-6%,+50%,no-data,no-data,True,True,False,0.07037642996670775,0.0,0.18097437084545623,trends+pv,0.10197584164635018,0.40048856247679027,0.14675274977091618,310,15.0,C
Q5166857,Coogi,Australian fashion brand,4.0,Coogi,3,,1864.0,,,-13%,-42%,1174.0,+4%,-20%,0%,0%,True,False,False,0.0,0.0,0.13321735549668295,pv,0.13321735549668295,0.2221510841918355,0.14655741480095583,311,15.0,C
Q4904902,Big 5 Sporting Goods,"sporting goods retailer headquartered in El Segundo, California",4.0,Big 5 Sporting Goods,3,,2102.0,28.34,,+12%,-25%,2083.0,0%,-20%,>5000 (breakout),>5000 (breakout),True,True,False,0.1297311087887796,0.0,0.14146669583200916,trends+pv,0.1330841336582738,0.2221510841918355,0.14644417623830805,312,14.9,C
Q6915425,Moscot,American eyewear company based in New York City,5.0,Moscot,4,,1725.0,,,+0%,-27%,1696.0,-30%,-40%,0%,0%,True,False,False,0.0,0.0,0.12815407016501562,pv,0.12815407016501562,0.24837246276411157,0.14618682905488,313,14.9,C
Q794565,Aéropostale,American brand of clothing stores,13.0,Aéropostale (clothing brand),12,,686.0,19.77,,+97%,+543%,4864.0,-60%,-90%,0%,0%,True,True,False,0.10835464700575194,0.0,0.08081647654543958,trends+pv,0.10048659830280554,0.40048856247679027,0.14548689292890324,314,14.8,C
Q54817659,PrettyLittleThing,UK-based fashion retailer,1.0,PrettyLittleThing,1,,3854.0,60.11,8.15,+32%,+0%,4390.0,-5%,-20%,+700%,>5000 (breakout),True,True,True,0.18893724177867005,0.06240494397389145,0.1915550956536397,trends+news+pv,0.15150112321223042,0.11107554209591775,0.1454372860447835,315,14.8,C
Q4936481,Boden,British clothing retailer,2.0,Boden (clothing),1,,2158.0,,,+46%,+62%,2738.0,+7%,+70%,>5000 (breakout),>5000 (breakout),True,False,False,0.0,0.0,0.1433387373035167,pv,0.1433387373035167,0.15708453807999054,0.14540060741998778,316,14.8,C
Q3334188,NAF NAF,French clothing store chain,5.0,,4,,1535.0,28.34,,-17%,-31%,1161.0,+700%,-100%,0%,0%,True,True,False,0.1297311087887796,0.0,0.12089046389378653,trends+pv,0.127205210247353,0.24837246276411157,0.1453802981248668,317,14.8,C
Q7827120,Torrid,American retail chain,4.0,Torrid Holdings,4,,1473.0,31.31,,+12%,-21%,1120.0,-20%,-60%,0%,0%,True,True,False,0.1363596069715412,0.0,0.1184238640656015,trends+pv,0.1312351089984156,0.2221510841918355,0.14487250527742856,318,14.8,C
Q16544736,Courrèges,French fashion house,2.0,Courrèges,2,,2137.0,,,+6%,-7%,1947.0,+6%,0%,0%,0%,True,False,False,0.0,0.0,0.14263960098256,pv,0.14263960098256,0.15708453807999054,0.1448063415471746,319,14.8,C
Q25351941,The Row,Fashion house based in New York City,3.0,The Row (fashion label),2,,12177.0,13.94,12.09,-5%,-13%,11019.0,0%,0%,>5000 (breakout),>5000 (breakout),True,True,True,0.0909862139492404,0.07600695667348017,0.34049285831936066,trends+news+pv,0.1363937656405364,0.19238848238838516,0.1447929731527137,320,14.8,C
Q3645820,Bruno Magli,Italian shoe and goods company,6.0,Bruno Magli,6,,1570.0,,,-3%,-10%,1406.0,+700%,+30%,0%,0%,True,False,False,0.0,0.0,0.12226092588923348,pv,0.12226092588923348,0.2720784010380316,0.1447335471615532,321,14.8,C
Q87193804,Scalpers,Spanish clothing store chain,5.0,Scalpers,4,,1676.0,,,-10%,+38%,1927.0,-9%,-8%,>5000 (breakout),>5000 (breakout),True,False,False,0.0,0.0,0.12632079823008927,pv,0.12632079823008927,0.24837246276411157,0.1446285479101926,322,14.8,C
Q539507,Icebreaker,clothing company,4.0,Icebreaker (clothing),4,,1675.0,28.57,,-2%,-9%,1287.0,-10%,+40%,>5000 (breakout),>5000 (breakout),True,True,False,0.13025647681605818,0.0,0.1262831074047746,trends+pv,0.1291212284128343,0.2221510841918355,0.14307570677968448,323,14.6,C
Q5437186,Fat Face,"lifestyle clothing and accessories retailer, based in the UK",4.0,FatFace,3,,1749.0,,,-8%,-10%,1678.0,+20%,-30%,0%,0%,True,False,False,0.0,0.0,0.1290424972332976,pv,0.1290424972332976,0.2221510841918355,0.14300878527707828,324,14.6,C
Q420765,Akris,Swiss fashion house specializing in luxury goods for women,9.0,Akris,8,,1256.0,,,-32%,-20%,860.0,+40%,+100%,0%,0%,True,False,False,0.0,0.0,0.10935349651215598,pv,0.10935349651215599,0.33322662628775324,0.14293446597849557,325,14.6,C
Q4176650,Tiger of Sweden,Swedish clothing company,13.0,Tiger of Sweden,12,,989.0,,,+1%,-12%,792.0,+80%,+70%,0%,0%,True,False,False,0.0,0.0,0.0970366958144508,pv,0.0970366958144508,0.40048856247679027,0.1425544758138017,326,14.5,C
Q52391629,Stefano Ricci,Italian fashion brand,3.0,Stefano Ricci,2,,1871.0,,,+7%,-67%,1496.0,>5000 (breakout),>5000 (breakout),0%,0%,True,False,False,0.0,0.0,0.13346726097922723,pv,0.13346726097922723,0.19238848238838516,0.1423054441906009,327,14.5,C
Q5204244,DAKS,British luxury fashion house,8.0,DAKS,7,,1302.0,,,-2%,+0%,1115.0,+10%,+950%,0%,0%,True,False,False,0.0,0.0,0.11133798221974255,pv,0.11133798221974255,0.3141690761599811,0.14176264631077834,328,14.5,C
Q5512676,G2000,clothing brand,7.0,G2000,6,,1373.0,,,-8%,-21%,1159.0,0%,-8%,0%,0%,True,False,False,0.0,0.0,0.11433340112198295,pv,0.11433340112198295,0.2938782611274845,0.1412651301228082,329,14.4,C
Q3407429,Promod,French fashion retail company,4.0,Promod,3,,1443.0,28.34,,-40%,-29%,1071.0,-70%,-90%,0%,0%,True,True,False,0.1297311087887796,0.0,0.1172117148146708,trends+pv,0.1261541390818914,0.2221510841918355,0.14055368084838302,330,14.3,C
Q3073822,Superga,Italian footwear brand,10.0,Superga (brand),9,,3108.0,9.69,,+16%,-8%,3304.0,-20%,-10%,>5000 (breakout),>5000 (breakout),True,True,False,0.07585882220689075,0.0,0.17201976865695054,trends+pv,0.10333337833547927,0.35125170536101313,0.14052112738930933,331,14.3,C
Q911217,Breuninger,German retailer,5.0,Breuninger,4,,3645.0,28.8,8.15,-10%,-12%,3137.0,-7%,-9%,>5000 (breakout),>5000 (breakout),True,True,True,0.13077973435321863,0.06240494397389145,0.18628874654022912,trends+news+pv,0.12136909967682258,0.24837246276411157,0.14041960413991592,332,14.3,C
Q1654538,Replay,Italian denim clothing retailer,7.0,,6,,1326.0,,,-1%,-22%,1017.0,-3%,-10%,-70%,>5000 (breakout),True,False,False,0.0,0.0,0.11235945299399415,pv,0.11235945299399415,0.2938782611274845,0.1395872742140177,333,14.2,C
Q25351619,Aerie,intimate apparel brand of American Eagle Outfitters,4.0,Aerie (clothing retailer),3,,2511.0,38.17,8.15,-28%,-28%,2196.0,+20%,+2950%,>5000 (breakout),>5000 (breakout),True,True,True,0.15055850266601278,0.06240494397389145,0.1546184127107349,trends+news+pv,0.1249244170673208,0.2221510841918355,0.139508417135998,334,14.2,C
Q5119055,Cia. Hering,Brazilian clothing retailer,7.0,Cia. Hering,6,,493.0,28.34,,+66%,+35%,681.0,+3%,-10%,>5000 (breakout),>5000 (breakout),True,True,False,0.1297311087887796,0.0,0.06851115889234038,trends+pv,0.11223969453265413,0.2938782611274845,0.13948547952187867,335,14.2,C
Q3323911,Morellato,Italian manufacturer of jewels and watches,8.0,Morellato Group,7,,1238.0,,,-24%,-29%,892.0,+400%,+250%,0%,0%,True,False,False,0.0,0.0,0.10856708481475731,pv,0.10856708481475731,0.3141690761599811,0.13940738351654086,336,14.2,C
Q7121857,PacSun,United States-based retail clothing brand,5.0,PacSun,4,,3831.0,14.13,,+12%,+4%,3800.0,+100%,-30%,>5000 (breakout),>5000 (breakout),True,True,False,0.09160417925180962,0.0,0.19098265661627567,trends+pv,0.11999802992737135,0.24837246276411157,0.13925419485288237,337,14.2,C
Q7909026,Vakko,Turkish fashion brand,6.0,Vakko,6,,1399.0,,,-9%,-19%,1010.0,-20%,-9%,>5000 (breakout),>5000 (breakout),True,False,False,0.0,0.0,0.11541086908878331,pv,0.11541086908878333,0.2720784010380316,0.13891099888117056,338,14.2,C
Q2436187,Nudie Jeans,Swedish clothing brand,7.0,Nudie Jeans,6,,1264.0,,,+3%,+15%,1243.0,+5%,+10%,0%,0%,True,False,False,0.0,0.0,0.1097012032608701,pv,0.10970120326087011,0.2938782611274845,0.13732776194086227,339,14.0,C
Q2096177,Globe,Australian surf and skateboard footwear and apparel manufacturer,9.0,Globe International,9,,1108.0,,,-15%,-14%,1047.0,+20%,-60%,0%,0%,True,False,False,0.0,0.0,0.10270881873838561,pv,0.10270881873838561,0.33322662628775324,0.13728648987079073,340,14.0,C
Q1986392,Turnbull & Asser,"gentleman's bespoke shirtmaker, clothier and tie maker established in 1885",10.0,Turnbull & Asser,9,,1038.0,,,-9%,+2%,944.0,-3%,+3%,0%,0%,True,False,False,0.0,0.0,0.09941147805439311,pv,0.09941147805439311,0.35125170536101313,0.1371875121503861,341,14.0,C
Q1137991,Thomas Pink,British shirtmaking company,8.0,Thomas Pink,7,,1178.0,,,-8%,-14%,945.0,-40%,-50%,0%,0%,True,False,False,0.0,0.0,0.10590354538121005,pv,0.10590354538121005,0.3141690761599811,0.1371433749980257,342,14.0,C
Q3047175,Ed Hardy,Clothing brand,2.0,Ed Hardy (clothing line),2,,2075.0,28.8,,+18%,+10%,2329.0,-1%,-8%,>5000 (breakout),>5000 (breakout),True,True,False,0.13077973435321863,0.0,0.14055519587776572,trends+pv,0.1335727233602321,0.15708453807999054,0.13709949556819587,343,14.0,C
Q6063877,Koton,Turkish multinational clothing retailer,8.0,Koton (company),7,,836.0,28.11,12.09,-29%,-38%,642.0,-7%,-9%,>5000 (breakout),>5000 (breakout),True,True,True,0.1292036045263445,0.07600695667348017,0.08921563951113787,trends+news+pv,0.10524701716744388,0.3141690761599811,0.13658532601632445,344,13.9,C
Q136311,Sunglass Hut,international eyewear retailer,6.0,Sunglass Hut,5,,2219.0,28.34,8.15,-5%,-9%,2454.0,-20%,-4%,>5000 (breakout),>5000 (breakout),True,True,True,0.1297311087887796,0.06240494397389145,0.14535049171678896,trends+news+pv,0.11265713592991503,0.2720784010380316,0.1365703256961325,345,13.9,C
Q546542,A.P.C.,Clothing brand,5.0,A.P.C.,4,,2873.0,28.34,8.15,+12%,-10%,2886.0,-20%,+7%,>5000 (breakout),>5000 (breakout),True,True,True,0.1297311087887796,0.06240494397389145,0.16538863665239345,trends+news+pv,0.11666476491703592,0.24837246276411157,0.13642091959409727,346,13.9,C
Q3497483,Emporio Armani,fashion line by Armani,5.0,,5,,554.0,29.94,,-10%,-46%,428.0,+2%,-60%,0%,0%,True,True,False,0.13334296413003102,0.0,0.0726261022175724,trends+pv,0.1159952892979,0.24837246276411157,0.13585186531783172,347,13.9,C
Q7576421,Sperry Top-Sider,Boat shoe brand,4.0,Sperry (brand),4,,1798.0,22.86,,+8%,+8%,2750.0,-20%,-6%,0%,0%,True,True,False,0.11651512891364958,0.0,0.13083763879930901,trends+pv,0.12060727459526657,0.2221510841918355,0.1358388460347519,348,13.9,C
Q109825187,Boot Barn,Western clothing store chain,2.0,Boot Barn,1,,1432.0,32.0,,+1%,-11%,1323.0,,,>5000 (breakout),>5000 (breakout),True,True,False,0.13785394411597948,0.0,0.11676410725605649,trends+pv,0.13182827644171577,0.15708453807999054,0.13561671568745698,349,13.8,C
Q2551058,DSQUARED2,Canadian-Italian fashion house,10.0,Dsquared²,9,,1727.0,12.23,,+76%,+22%,1860.0,-10%,-20%,>5000 (breakout),>5000 (breakout),True,True,False,0.08522312116198562,0.0,0.12822834085810322,trends+pv,0.0975103267894478,0.35125170536101313,0.1355715335751826,350,13.8,C
Q19841609,Lids,American hat company,2.0,Lids (store),1,,1786.0,29.26,,+21%,+14%,2134.0,-6%,-20%,>5000 (breakout),>5000 (breakout),True,True,False,0.13182001838655122,0.0,0.13040029727882338,trends+pv,0.13141438378434328,0.15708453807999054,0.13526490692869036,351,13.8,C
Q10461856,Crocker,clothing brand,1.0,,1,,,32.69,,,,,,,no-data,no-data,False,True,False,0.139332255430069,0.0,0.0,trends,0.139332255430069,0.11107554209591775,0.13509374842994631,352,13.8,C
Q4167754,Herve Leger,French fashion house,7.0,Hervé Léger,6,,1202.0,,,-3%,-36%,972.0,+500%,>5000 (breakout),0%,0%,True,False,False,0.0,0.0,0.1069769195511625,pv,0.1069769195511625,0.2938782611274845,0.1350121207876108,353,13.8,C
Q9171569,Big Star,Polish denim brand,2.0,,2,,285.0,44.34,,+26%,-17%,294.0,-3%,-20%,0%,0%,True,True,False,0.1622714255244341,0.0,0.05209071087158691,trends+pv,0.13079122133790635,0.15708453807999054,0.134735218849219,354,13.7,C
Q3574548,Zadig & Voltaire,French fashion retailer,3.0,Zadig&Voltaire,2,,2619.0,37.03,8.15,+4%,+39%,2648.0,+5%,-10%,>5000 (breakout),>5000 (breakout),True,True,True,0.14829314063552457,0.06240494397389145,0.15790853464820573,trends+news+pv,0.12444976043957087,0.19238848238838516,0.134640568731893,355,13.7,C
Q5515554,Gabe's,American discount fashion retailer,3.0,Gabe's,2,,1623.0,,,+5%,-36%,1663.0,+3%,-10%,0%,0%,True,False,False,0.0,0.0,0.12430743755861827,pv,0.12430743755861827,0.19238848238838516,0.1345195942830833,356,13.7,C
Q25110413,BALR.,Lifestyle brand in the Netherlands,2.0,BALR.,2,,1746.0,,,+10%,-62%,1347.0,-7%,-30%,0%,0%,True,False,False,0.0,0.0,0.1289317786395673,pv,0.1289317786395673,0.15708453807999054,0.13315469255563078,357,13.6,C
Q5562449,Gilly Hicks,lingerie brand owned by Abercrombie & Fitch,3.0,Gilly Hicks,3,,1543.0,,,+34%,+11%,2068.0,-4%,-40%,0%,0%,True,False,False,0.0,0.0,0.12120507851531442,pv,0.12120507851531442,0.19238848238838516,0.13188258909627504,358,13.5,C
Q3558391,Vilebrequin,"French brand, specialized in both swimwear and ready-to-wear for men and women",3.0,Vilebrequin,3,,1542.0,,,+28%,+24%,3258.0,-20%,-10%,>5000 (breakout),>5000 (breakout),True,False,False,0.0,0.0,0.12116579636276259,pv,0.12116579636276259,0.19238848238838516,0.13184919926660596,359,13.4,C
Q104842926,Ganni,Danish clothing company,1.0,Ganni,1,,2242.0,28.34,,-6%,-13%,1766.0,>5000 (breakout),-80%,>5000 (breakout),>5000 (breakout),True,True,False,0.1297311087887796,0.0,0.14610183087482898,trends+pv,0.1344084579562223,0.11107554209591775,0.1309085205771766,360,13.4,C
Q7899859,Urban Behavior,unisex apparel retailer,5.0,Urban Planet,4,,1268.0,,,-25%,+8%,968.0,,,,,True,False,False,0.0,0.0,0.10987464400673638,pv,0.10987464400673638,0.24837246276411157,0.13064931682034267,361,13.3,C
Q6268615,Johnston & Murphy,footwear company,3.0,Johnston & Murphy,2,,1489.0,,,-6%,-19%,1227.0,+6%,+900%,no-data,no-data,True,False,False,0.0,0.0,0.11906529794665327,pv,0.11906529794665327,0.19238848238838516,0.13006377561291305,362,13.3,C
Q3476844,Sebago,American footwear company,3.0,Sebago (company),2,,1652.0,22.86,,+8%,-9%,1978.0,-100%,>5000 (breakout),0%,0%,True,True,False,0.11651512891364958,0.0,0.12541309211219157,trends+pv,0.11905740411323301,0.19238848238838516,0.13005706585450583,363,13.3,C
Q6523209,LensCrafters,American optician and eyewear retail chain,5.0,LensCrafters,4,,2450.0,28.8,3.94,-12%,-33%,2014.0,-3%,-10%,>5000 (breakout),>5000 (breakout),True,True,True,0.13077973435321863,0.043389865526177435,0.15272878483979824,trends+news+pv,0.10895258380242219,0.24837246276411157,0.1298655656466756,364,13.2,C
Q6793571,Maurices,North American clothes retailer,2.0,Maurices,1,,1330.0,28.34,,-3%,-10%,1281.0,+30%,+10%,0%,0%,True,True,False,0.1297311087887796,0.0,0.1125287966514967,trends+pv,0.12481616246384165,0.15708453807999054,0.129656418806264,365,13.2,C
Q48743138,Away,American travel and lifestyle brand,1.0,Away (company),1,,1852.0,,,-7%,-23%,1579.0,-10%,-10%,>5000 (breakout),>5000 (breakout),True,False,False,0.0,0.0,0.1327878518892322,pv,0.1327878518892322,0.11107554209591775,0.12953100542023502,366,13.2,C
Q5506939,Fuchsia,American fashion company,1.0,Fuchsia (clothing),1,,53.0,52.69,,-51%,-23%,33.0,,,no-data,no-data,True,True,False,0.17689204644623577,0.0,0.022463415437042073,trends+pv,0.132769580443609,0.11107554209591775,0.12951547469145533,367,13.2,C
Q5171196,Corneliani,Italian menswear manufacturer best known for its suits and sport coats,6.0,Corneliani,6,,1142.0,,,-5%,+3%,1106.0,>5000 (breakout),+450%,0%,0%,True,False,False,0.0,0.0,0.10427276890823994,pv,0.10427276890823994,0.2720784010380316,0.12944361372770868,368,13.2,C
Q5349364,Eileen Fisher,Entrepreneur and fashion designer,4.0,Eileen Fisher,3,,1340.0,,,-11%,-11%,1201.0,+400%,+300%,0%,0%,True,False,False,0.0,0.0,0.11295104502679323,pv,0.11295104502679323,0.2221510841918355,0.12933105090154956,369,13.2,C
Q43080895,sacai,Japanese luxury fashion brand,5.0,Sacai,5,,1230.0,,,-3%,-16%,1093.0,-3%,-20%,0%,0%,True,False,False,0.0,0.0,0.10821573410427007,pv,0.10821573410427007,0.24837246276411157,0.1292392434032463,370,13.2,C
Q4983306,Buckle,"American clothing retailer based in Kearney, Nebraska",4.0,Buckle (clothing retailer),4,,1337.0,,,+16%,-3%,1367.0,+1%,-3%,>5000 (breakout),>5000 (breakout),True,False,False,0.0,0.0,0.11282453644310461,pv,0.11282453644310461,0.2221510841918355,0.12922351860541423,371,13.2,C
Q1136537,Costume National,Italian fashion house,5.0,Costume National,5,,1221.0,,,-3%,+18%,1076.0,+50%,-30%,0%,0%,True,False,False,0.0,0.0,0.10781909599229803,pv,0.10781909599229804,0.24837246276411157,0.12890210100807006,372,13.1,C
Q1786717,Lindex,Swedish-Finnish clothing store chain,10.0,Lindex,9,,1091.0,12.09,,-20%,-28%,961.0,-10%,-2%,>5000 (breakout),>5000 (breakout),True,True,False,0.08473393151354143,0.0,0.10191784437504663,trends+pv,0.08964362090254292,0.35125170536101313,0.12888483357131347,373,13.1,C
Q4139985,Gloria Jeans,Russian clothing retail company,5.0,Gloria Jeans,4,,1205.0,,,-28%,+16%,1138.0,+60%,+10%,>5000 (breakout),>5000 (breakout),True,False,False,0.0,0.0,0.10711033500880823,pv,0.10711033500880825,0.24837246276411157,0.12829965417210373,374,13.1,C
Q2422884,American Vintage,French ready-to-wear clothing brand,1.0,,1,,686.0,38.63,,+9%,-74%,526.0,-4%,-70%,0%,0%,True,True,False,0.15146300226446077,0.0,0.08081647654543958,trends+pv,0.1312782806304547,0.11107554209591775,0.12824786985027417,375,13.1,C
Q18385610,Stitch Fix,online clothing company,6.0,Stitch Fix,5,,2494.0,11.31,,+0%,-34%,2289.0,0%,-20%,0%,>5000 (breakout),True,True,False,0.08195501034546909,0.0,0.15409412417288604,trends+pv,0.10256618572473108,0.2720784010380316,0.12799301802172616,376,13.1,C
Q119149859,Kapital,Japanese denim and fashion brand,1.0,Kapital (brand),1,,1303.0,31.54,,+11%,+26%,736.0,-2%,+1%,no-data,no-data,True,True,False,0.13685953228912964,0.0,0.11138073053470597,trends+pv,0.12957987464500859,0.11107554209591775,0.12680422476264497,377,12.9,C
Q9294202,House,chain of clothing stores throughout Poland and Europe,4.0,House (brand),3,,1256.0,,,+18%,-40%,1155.0,0%,0%,no-data,no-data,True,False,False,0.0,0.0,0.10935349651215598,pv,0.10935349651215599,0.2221510841918355,0.12627313466410792,378,12.9,C
Q13657207,Padini,Malaysian business,4.0,Padini,4,,1250.0,,,-14%,-48%,884.0,+8%,-30%,>5000 (breakout),>5000 (breakout),True,False,False,0.0,0.0,0.10909198917128446,pv,0.10909198917128446,0.2221510841918355,0.12605085342436712,379,12.9,C
Q5298588,Dorothy Perkins,multinational women’s fashion retailer based in the United Kingdom,5.0,Dorothy Perkins,4,,1142.0,,,-2%,-29%,1065.0,-50%,-40%,0%,0%,True,False,False,0.0,0.0,0.10427276890823994,pv,0.10427276890823994,0.24837246276411157,0.12588772298662068,380,12.8,C
Q7500007,Shoe Carnival,shoe retailer in the United States,3.0,Shoe Carnival,2,,1218.0,22.86,,+4%,-18%,1293.0,-10%,-30%,>5000 (breakout),>5000 (breakout),True,True,False,0.11651512891364958,0.0,0.10768655863919667,trends+pv,0.1139926802638059,0.19238848238838516,0.12575205058249278,381,12.8,C
Q2988422,Canada Goose,Canadian manufacturer of cold weather apparel,15.0,Canada Goose Inc.,14,,2808.0,4.66,3.94,-2%,+323%,3445.0,+180%,-60%,>5000 (breakout),>5000 (breakout),True,True,True,0.05260622829476362,0.043389865526177435,0.16350702096383307,trends+news+pv,0.07202147799800165,0.43019372470845035,0.12574731500456895,382,12.8,C
Q3012602,Damart,French clothing company,3.0,Damart,3,,1363.0,,,-7%,-28%,1025.0,-5%,-2%,0%,0%,True,False,False,0.0,0.0,0.11391627677952554,pv,0.11391627677952554,0.19238848238838516,0.12568710762085447,383,12.8,C
Q11236730,Niko and...,Japanese clothing brand,2.0,,2,,1508.0,,,-11%,-30%,1302.0,+20%,+5%,0%,0%,True,False,False,0.0,0.0,0.11982254094729337,pv,0.11982254094729337,0.15708453807999054,0.12541184051719795,384,12.8,C
Q107481263,Bode,American menswear brand,2.0,Bode (fashion brand),1,,753.0,29.65,,+8%,-7%,655.0,-20%,+2%,>5000% (breakout),>5000% (breakout),True,True,False,0.13269561018337603,0.0,0.08467112736849451,trends+pv,0.11897432937912417,0.15708453807999054,0.12469086068425411,385,12.7,C
Q108739951,Tailored Brands,American men's apparel company,2.0,Tailored Brands,2,,1971.0,20.34,,-14%,-6%,1675.0,+400%,-10%,>5000 (breakout),>5000 (breakout),True,True,False,0.10990556451100766,0.0,0.13698757141217213,trends+pv,0.11764328076848325,0.15708453807999054,0.12355946936520934,386,12.6,C
Q7366633,Roots Canada,Canadian apparel brand,6.0,Roots Canada,5,,4441.0,12.5,3.94,-4%,-24%,3259.0,+20%,-10%,>5000 (breakout),>5000 (breakout),True,True,True,0.08615871507248717,0.043389865526177435,0.20562610105156376,trends+news+pv,0.09722153740440957,0.2720784010380316,0.12345006694945287,387,12.6,C
Q7994858,White House Black Market,American women's clothing retailer,3.0,White House Black Market,2,,1272.0,,,-18%,-27%,1121.0,-6%,-20%,0%,0%,True,False,False,0.0,0.0,0.11004781140182371,pv,0.11004781140182371,0.19238848238838516,0.12239891204980792,388,12.5,C
Q4728473,AllSaints,"British fashion retailer headquartered in London, UK",5.0,AllSaints,4,,5463.0,11.38,3.94,+12%,-27%,4896.0,+20%,+80%,>5000 (breakout),>5000 (breakout),True,True,True,0.0822082376416769,0.043389865526177435,0.2280622761609858,trends+news+pv,0.09973353371088883,0.24837246276411157,0.12202937306887224,389,12.4,C
Q6187356,Jessica McClintock,American fashion designer (1930–2021),2.0,Jessica McClintock,2,,1399.0,,,+11%,+64%,1269.0,,,0%,0%,True,False,False,0.0,0.0,0.11541086908878331,pv,0.11541086908878333,0.15708453807999054,0.1216619194374644,390,12.4,C
Q6414100,Kinney Shoes,shoe retailer,3.0,Kinney Shoes,2,,1246.0,,,+8%,-1%,1373.0,,,no-data,0%,True,False,False,0.0,0.0,0.10891730212699602,pv,0.10891730212699603,0.19238848238838516,0.1214379791662044,391,12.4,C
Q1524904,Gina Tricot,Clothing retail chain,7.0,,6,,657.0,21.26,8.15,+58%,+13%,734.0,+160%,-10%,>5000 (breakout),>5000 (breakout),True,True,True,0.11236364968417412,0.06240494397389145,0.07908981123045067,trends+news+pv,0.09072127028034463,0.2938782611274845,0.1211948189074156,392,12.4,C
Q6908680,Moosejaw,an online and brick and mortar retailer specializing in outdoor recreation apparel and gear,2.0,Moosejaw,2,,1383.0,,,+12%,-39%,996.0,+160%,-60%,0%,0%,True,False,False,0.0,0.0,0.11474900918496435,pv,0.11474900918496435,0.15708453807999054,0.12109933851921828,393,12.4,C
Q25351738,Joules,British fashion company,3.0,Joules (clothing),2,,1225.0,,,+20%,+4%,1268.0,-2%,-1%,0%,0%,True,False,False,0.0,0.0,0.1079955594426025,pv,0.1079955594426025,0.19238848238838516,0.1206544978844699,394,12.3,C
Q2956351,Chantelle,lingerie brand,7.0,Chantelle (lingerie),7,,942.0,12.8,,-12%,-3%,789.0,+50%,+20%,0%,0%,True,True,False,0.08718648956881242,0.0,0.09470290597218009,trends+pv,0.08933403711263177,0.2938782611274845,0.12001567071485969,395,12.2,C
Q6766373,Mark's,Canadian clothing and footwear retailer,2.0,Mark's,1,,2172.0,32.69,5.26,+1%,+57%,2215.0,+3%,-6%,>5000 (breakout),>5000 (breakout),True,True,True,0.139332255430069,0.050134081803941015,0.143802939842347,trends+news+pv,0.1134669402246862,0.15708453807999054,0.12000957990298186,396,12.2,C
Q11297188,Kapital,Japanese fashion brand,2.0,,2,,303.0,31.54,,+74%,+5%,321.0,-2%,+1%,no-data,no-data,True,True,False,0.13685953228912964,0.0,0.053710496677713465,trends+pv,0.11310266497158218,0.15708453807999054,0.11969994593784344,397,12.2,C
Q5142575,Coldwater Creek,clothing retailer,2.0,Coldwater Creek (clothing retailer),2,,1343.0,,,+15%,-37%,1172.0,+10%,-20%,0%,no-data,True,False,False,0.0,0.0,0.11307741207548,pv,0.11307741207548,0.15708453807999054,0.11967848097615658,398,12.2,C
Q6166759,Jay Jays,Australian apparel chain store,1.0,Jay Jays,1,,1525.0,,,-21%,+130%,1063.0,-10%,-70%,0%,0%,True,False,False,0.0,0.0,0.120496040447992,pv,0.120496040447992,0.11107554209591775,0.11908296569518086,399,12.1,C
Q7156755,Payless ShoeSource,American shoe distribution company,5.0,Payless (footwear retailer),4,,4978.0,10.54,3.94,+6%,-11%,5110.0,+9%,+6%,>5000 (breakout),>5000 (breakout),True,True,True,0.07911603472783957,0.043389865526177435,0.21770344442017184,trends+news+pv,0.09611566590580739,0.24837246276411157,0.11895418543455302,400,12.1,C
Q7937938,Vivobarefoot,British minimalist shoe company,3.0,Vivobarefoot,2,,2184.0,13.49,,-16%,-2%,2259.0,-10%,-30%,-30%,>5000 (breakout),True,True,False,0.08950559456386532,0.0,0.14419963836110897,trends+pv,0.10513246422022064,0.19238848238838516,0.11822086694544531,401,12.1,C
Q1719431,Schmid,Fashion stores,2.0,,1,,372.0,29.1,,-3%,+6%,442.0,,,no-data,no-data,True,True,False,0.13145911416820455,0.0,0.05951265480014363,trends+pv,0.11090298292018716,0.15708453807999054,0.11783021619415768,402,12.0,C
Q3146711,IKKS,French clothing-retail company,2.0,,1,,1291.0,,,-29%,-14%,822.0,-50%,+500%,0%,0%,True,False,False,0.0,0.0,0.11086666288056048,pv,0.11086666288056048,0.15708453807999054,0.117799344160475,403,12.0,C
Q881017,Bogner,German clothing company,4.0,,3,,2051.0,11.66,,+16%,+8%,1503.0,+2%,+2600%,0%,0%,True,True,False,0.08321344120902778,0.0,0.1397399824527369,trends+pv,0.09936388156437324,0.2221510841918355,0.11778196195849258,404,12.0,C
Q945463,Bonia,High-end fashion retailer,4.0,Bonia (fashion),4,,1036.0,,,-22%,-51%,633.0,+20%,-50%,0%,0%,True,False,False,0.0,0.0,0.09931565974002754,pv,0.09931565974002754,0.2221510841918355,0.11774097340779874,405,12.0,C
Q4876226,Beams,Japanese clothing brand,6.0,Beams (brand),5,,4870.0,7.98,3.94,+17%,-22%,5386.0,-60%,-30%,0%,0%,True,True,True,0.06884075942630348,0.043389865526177435,0.21532890643582997,trends+news+pv,0.09050312065817097,0.2720784010380316,0.11773941271515007,406,12.0,C
Q18636419,The Elder Statesman,"clothing, fashion and lifestyle brand based in Los Angeles",1.0,The Elder Statesman (brand),1,,1482.0,,,+2%,-3%,1530.0,+500%,+100%,0%,0%,True,False,False,0.0,0.0,0.11878509682345578,pv,0.11878509682345578,0.11107554209591775,0.11762866361432507,407,12.0,C
Q115517249,Tu,clothing brand,2.0,Tu (clothing),1,,1269.0,,,+12%,-1%,1422.0,+80%,-20%,no-data,no-data,True,False,False,0.0,0.0,0.10991796143164285,pv,0.10991796143164285,0.15708453807999054,0.116992947928895,408,11.9,C
Q7932495,Vineyard Vines,American clothing and accessory retailer,2.0,Vineyard Vines,2,,3990.0,9.69,,+6%,-22%,4415.0,+30%,+250%,>5000 (breakout),>5000 (breakout),True,True,False,0.07585882220689075,0.0,0.19490559311497882,trends+pv,0.10987218532348735,0.15708453807999054,0.11695403823696282,409,11.9,C
Q7740985,The Hundreds,American streetwear brand,3.0,The Hundreds,3,,856.0,19.77,,+32%,-28%,828.0,-30%,-20%,>5000% (breakout),>5000% (breakout),True,True,False,0.10835464700575194,0.0,0.09027650484485354,trends+pv,0.10318946353120956,0.19238848238838516,0.1165693163597859,410,11.9,C
Q7111938,Outdoor Research,"a Seattle-based manufacturer of technical apparel and gear for outdoor sports, including alpinism, rock and ice climbing, backpacking, paddling, and backcountry skiing and snowboarding.",1.0,Outdoor Research,1,,797.0,28.0,,-5%,-21%,693.0,-10%,-20%,0%,no-data,True,True,False,0.12895055707436917,0.0,0.08710979965434003,trends+pv,0.11699605495436086,0.11107554209591775,0.11610797802559439,411,11.8,C
Q55097814,Viyella,brand name for a wool-cotton blend fabric formerly produced in the United Kingdom,5.0,Viyella,4,,903.0,,,+17%,+2%,869.0,,,no-data,no-data,True,False,False,0.0,0.0,0.0927217733976952,pv,0.0927217733976952,0.24837246276411157,0.11606937680265766,412,11.8,C
Q116783961,Palm Angels,Italian luxury fashion label,3.0,Palm Angels,2,,2242.0,11.95,,+0%,-20%,2082.0,-4%,-20%,0%,0%,True,True,False,0.08424190120654079,0.0,0.14610183087482898,trends+pv,0.1019161668260517,0.19238848238838516,0.11548701416040172,413,11.8,C
Q136502973,Volt,,1.0,,1,,,37.03,8.15,,,,+250%,>5000 (breakout),>5000% (breakout),>5000% (breakout),False,True,True,0.14829314063552457,0.06240494397389145,0.0,trends+news,0.11608506688741214,0.11107554209591775,0.11533363816868798,414,11.8,C
Q6172434,Jeanswest,"former Australian clothing retailer, with some remaining stores operating in New Zealand",3.0,Jeanswest,3,,1079.0,,,+1%,-21%,974.0,+10%,+180%,0%,0%,True,False,False,0.0,0.0,0.10135579315403381,pv,0.10135579315403383,0.19238848238838516,0.11501069653918652,415,11.7,C
Q6192383,Jigsaw,clothing retailer,3.0,Jigsaw (clothing retailer),2,,1192.0,30.17,3.94,-21%,-11%,1058.0,-20%,-7%,0%,0%,True,True,True,0.1338541566330642,0.043389865526177435,0.1065309946440242,trends+news+pv,0.10125023690319016,0.19238848238838516,0.1149209737259694,416,11.7,C
Q6209926,Joe Fresh,fashion brand and retail chain created by designer Joe Mimran,2.0,Joe Fresh,1,,1205.0,,,-12%,-19%,1094.0,+40%,+40%,0%,0%,True,False,False,0.0,0.0,0.10711033500880823,pv,0.10711033500880825,0.15708453807999054,0.11460646546948558,417,11.7,C
Q5618229,Gump's,luxury American home furnishings and décor retailer founded in 1861,2.0,Gump's,1,,1200.0,,,+11%,-13%,1244.0,>5000 (breakout),-30%,0%,0%,True,False,False,0.0,0.0,0.10688788339794993,pv,0.10688788339794993,0.15708453807999054,0.11441738160025602,418,11.7,C
Q21410966,Everlane,United States clothing retailer,1.0,Everlane,1,,2141.0,16.69,,-43%,-3%,2042.0,-4%,-100%,>5000 (breakout),>5000 (breakout),True,True,False,0.09955713158314776,0.0,0.1427730337535357,trends+pv,0.1119045322032586,0.11107554209591775,0.11178018368715747,419,11.4,C
Q10553200,Lager 157,Swedish clothing-retail company,3.0,,3,,,28.34,3.94,,,,+30%,+6%,>5000 (breakout),>5000 (breakout),False,True,True,0.1297311087887796,0.043389865526177435,0.0,trends+news,0.09735314256530378,0.19238848238838516,0.11160844353876599,420,11.4,C
Q2903774,Gottex,Store of swimsuits,10.0,Gottex,8,,503.0,,,-1%,-29%,523.0,>5000 (breakout),>5000 (breakout),no-data,0%,True,False,False,0.0,0.0,0.06920250999481371,pv,0.06920250999481371,0.35125170536101313,0.11150988929974362,421,11.4,C
Q104890420,Just Over the Top,French down jacket brand and chain of clothing stores,1.0,,1,,1302.0,,,+13%,-32%,537.0,-70%,>5000 (breakout),0%,0%,True,False,False,0.0,0.0,0.11133798221974255,pv,0.11133798221974255,0.11107554209591775,0.11129861620116882,422,11.4,C
Q85761879,Frame,American fashion-retail company,1.0,Frame (fashion brand),1,,1271.0,,,,,1442.0,+250%,+300%,>5000% (breakout),>5000% (breakout),True,False,False,0.0,0.0,0.11000454510905576,pv,0.11000454510905576,0.11107554209591775,0.11016519465708505,423,11.2,C
Q125230974,James Perse,fashion label,1.0,James Perse,1,,487.0,26.74,,,,530.0,-20%,-20%,>5000% (breakout),>5000% (breakout),True,True,False,0.12601577318792115,0.0,0.06809297904105123,trends+pv,0.1094664034316726,0.11107554209591775,0.10970777423130937,424,11.2,C
Q3473599,Sarenza,French retail shoes and accessories company,9.0,Sarenza,9,,1245.0,8.34,3.94,-26%,-24%,845.0,-30%,-30%,>5000 (breakout),>5000 (breakout),True,True,True,0.07037642996670775,0.043389865526177435,0.1088735865715016,trends+news+pv,0.06997989195550743,0.33322662628775324,0.1094669021053443,425,11.2,C
Q3305660,Tailored Brands,US-based men's apparel company,5.0,,5,,47.0,20.34,,+15%,-22%,46.0,+400%,-10%,>5000% (breakout),>5000% (breakout),True,True,False,0.10990556451100766,0.0,0.021153721540444637,trends+pv,0.0845478950908468,0.24837246276411157,0.10912158024183652,426,11.1,C
Q3357081,Dressmann,Trade chain for men's fashion,8.0,Dressmann,7,,540.0,,,-4%,-21%,617.0,-5%,+60%,0%,0%,True,False,False,0.0,0.0,0.07170257197466616,pv,0.07170257197466616,0.3141690761599811,0.1080725476024634,427,11.0,C
Q7654224,Sweaty Betty,British retailer specialising in women's activewear,1.0,Sweaty Betty,1,,1186.0,,,+3%,-33%,951.0,,,0%,0%,True,False,False,0.0,0.0,0.10626254147985847,pv,0.10626254147985847,0.11107554209591775,0.10698449157226736,428,10.9,C
Q16850757,J Brand,American denim clothing company,1.0,J Brand,1,,1177.0,,,-29%,-40%,898.0,,,0%,0%,True,False,False,0.0,0.0,0.10585858526651933,pv,0.10585858526651934,0.11107554209591775,0.10664112879092909,429,10.9,C
Q5000795,Burton,British clothing retailer,4.0,Burton (retailer),3,,2433.0,12.23,3.94,-17%,-11%,1869.0,0%,+300%,0%,0%,True,True,True,0.08522312116198562,0.043389865526177435,0.15219798708939306,trends+news+pv,0.08606811765672465,0.2221510841918355,0.10648056263699127,430,10.9,C
Q3905226,PINKO,Italian women's fashion brand,6.0,Pinko (fashion),5,,1317.0,6.72,,-12%,-29%,983.0,-7%,+50%,>5000 (breakout),>5000 (breakout),True,True,False,0.06317261337596881,0.0,0.11197749340818393,trends+pv,0.07711686481374457,0.2720784010380316,0.10636109524738763,431,10.8,C
Q48814393,SSENSE,"international fashion platform that sells products from a selection of independent, luxury and streetwear designers",1.0,SSENSE,1,,2195.0,26.74,3.94,+15%,-56%,1780.0,-10%,-50%,>5000 (breakout),>5000 (breakout),True,True,True,0.12601577318792115,0.043389865526177435,0.14456232237331573,trends+news+pv,0.10493731072647694,0.11107554209591775,0.10585804543189305,432,10.8,C
Q22032349,Wood Wood,fashion and lifestyle brand,2.0,Wood Wood,2,,930.0,,,-16%,-56%,304.0,0%,0%,0%,0%,True,False,False,0.0,0.0,0.09409776938590333,pv,0.09409776938590333,0.15708453807999054,0.10354578469001641,433,10.6,C
Q11293025,OWNDAYS,Japanese optician and eyewear retail chain,1.0,,1,,2452.0,10.74,,+5%,+18%,2330.0,-7%,-20%,>5000 (breakout),>5000 (breakout),True,True,False,0.07986313378514388,0.0,0.15279111040241686,trends+pv,0.10069969853293617,0.11107554209591775,0.1022560750673834,434,10.4,C
Q2860764,Ardène,family-owned Canadian value fashion retailer,4.0,Ardene,3,,1001.0,9.26,,+11%,-20%,1073.0,-10%,-5%,>5000 (breakout),>5000 (breakout),True,True,False,0.07415658133114993,0.0,0.09762361666502217,trends+pv,0.08086144856939916,0.2221510841918355,0.1020548939127646,435,10.4,C
Q20714032,Seraphine,British maternity fashion label and store,3.0,Seraphine (company),3,,770.0,,,-13%,-71%,479.0,+60%,-20%,0%,0%,True,False,False,0.0,0.0,0.08562157586981303,pv,0.08562157586981302,0.19238848238838516,0.10163661184759884,436,10.4,C
Q4941440,Bonds,Australian clothing company,2.0,Bonds (clothing),2,,1246.0,12.02,,+7%,-19%,1300.0,-20%,-50%,>5000% (breakout),>5000% (breakout),True,True,False,0.08448827453745907,0.0,0.10891730212699602,trends+pv,0.09146799670589821,0.15708453807999054,0.10131047791201206,437,10.3,C
Q22031750,Khaadi,Pakistani fashion and lifestyle brand,3.0,Khaadi,2,,1761.0,12.8,3.94,+3%,-39%,1172.0,-70%,-100%,0%,0%,True,True,True,0.08718648956881242,0.043389865526177435,0.12948442488723716,trends+news+pv,0.08250708941970687,0.19238848238838516,0.09898929836500861,438,10.1,C
Q115799492,Falguni Shane Peacock,Indian luxury clothing label,3.0,Falguni Shane Peacock,2,,702.0,,,+8%,-51%,475.0,,,0%,0%,True,False,False,0.0,0.0,0.08175351048191654,pv,0.08175351048191654,0.19238848238838516,0.09834875626788683,439,10.0,C
Q16648226,Women'secret,Spanish lingerie retailer,3.0,,2,,698.0,11.18,,-1%,-15%,739.0,-30%,-8%,>5000% (breakout),>5000% (breakout),True,True,False,0.08148264323905643,0.0,0.08152026175983812,trends+pv,0.08149339138785121,0.19238848238838516,0.0981276550379313,440,10.0,C
Q28042940,Orchestra,French business specializing in infant's clothing,1.0,,1,,544.0,28.34,3.94,+18%,-20%,423.0,+30%,-10%,>5000% (breakout),>5000% (breakout),True,True,True,0.1297311087887796,0.043389865526177435,0.07196764708191102,trends+news+pv,0.09227604346862524,0.11107554209591775,0.09509596826271911,441,9.7,C
Q17109937,Rack Room Shoes,American footwear retailer,2.0,Rack Room Shoes,1,,916.0,10.88,,+0%,-17%,1072.0,,,-30%,>5000 (breakout),True,True,False,0.08038197166549686,0.0,0.0933868208467745,trends+pv,0.08409764286014762,0.15708453807999054,0.09504567714312406,442,9.7,C
Q4950452,Boutique La Vie en rose,chain of lingerie stores,2.0,Boutique La Vie en Rose,2,,1008.0,10.17,,-1%,-14%,974.0,,,>5000 (breakout),no-data,True,True,False,0.07771496995586909,0.0,0.09796436330894383,trends+pv,0.08350051091389045,0.15708453807999054,0.09453811498880546,443,9.6,C
Q115310947,Terminal X,Online Fashion and Lifestyle Retailer Offering Leading brands with Fast Delivery,1.0,,1,,,13.71,,,,,+10%,-5%,>5000% (breakout),>5000% (breakout),False,True,False,0.09023248840551178,0.0,0.0,trends,0.09023248840551178,0.11107554209591775,0.09335894645907267,444,9.5,C
Q1072452,Chiemsee,German business,1.0,,1,,803.0,10.67,24.44,+8%,-11%,1103.0,-20%,-30%,no-data,0%,True,True,True,0.07960244671214142,0.10806642735108225,0.0874370761971472,trends+news+pv,0.08970856680082483,0.11107554209591775,0.09291361309508876,445,9.5,C
Q8041451,X-Large,American clothing brand,5.0,X-Large (clothing brand),5,,1030.0,4.53,,-14%,-31%,804.0,-7%,-20%,0%,0%,True,True,False,0.05186726023126912,0.0,0.0990276485205544,trends+pv,0.06534165688535064,0.24837246276411157,0.09279627776716477,446,9.5,C
Q107394070,Number (N)ine,Japanese fashion brand,2.0,,2,,670.0,,,+3%,-63%,483.0,0%,0%,0%,0%,True,False,False,0.0,0.0,0.07986844988055257,pv,0.07986844988055257,0.15708453807999054,0.09145086311046827,447,9.3,C
Q28401216,Sunski,,1.0,Sunski,1,,149.0,24.91,8.15,+37%,-17%,157.0,-10%,,0%,0%,True,True,True,0.12162730134212003,0.06240494397389145,0.03766439435966864,trends+news+pv,0.08706801273516118,0.11107554209591775,0.09066914213927466,448,9.2,C
Q4349016,KappAhl,Swedish clothing company,7.0,,6,,141.0,6.42,,+21%,-6%,166.0,-10%,+120%,>5000 (breakout),>5000 (breakout),True,True,False,0.061746411234654165,0.0,0.036639320477214285,trends+pv,0.05457295673252849,0.2938782611274845,0.09046875239177189,449,9.2,C
Q7282768,Rag & Bone,American fashion label,1.0,Rag & Bone,1,,2564.0,5.65,,-15%,-10%,2539.0,+4%,-4%,>5000 (breakout),>5000 (breakout),True,True,False,0.057925318563559036,0.0,0.15624166724111815,trends+pv,0.0860157039000045,0.11107554209591775,0.08977467962939148,450,9.2,C
Q119056161,F. Engel,,1.0,,1,,,12.23,,,,,,,no-data,no-data,False,True,False,0.08522312116198562,0.0,0.0,trends,0.08522312116198562,0.11107554209591775,0.08910098430207543,451,9.1,C
Q3157513,Jacob,Canadian clothing store chain,3.0,Jacob (clothing retailer),2,,501.0,,,-20%,-43%,427.0,,,no-data,no-data,True,False,False,0.0,0.0,0.06906479342052747,pv,0.06906479342052747,0.19238848238838516,0.08756334676570612,452,8.9,C
Q72982331,Francesca's,American luxury boutique chain,2.0,Francesca's,1,,1247.0,6.35,,-10%,+44%,1085.0,-20%,-70%,0%,0%,True,True,False,0.061408864872545474,0.0,0.10896100014364961,trends+pv,0.07499518923571809,0.15708453807999054,0.08730859156235896,453,8.9,C
Q15263093,IRFE,French fashion house from the beginning of the 20th century,3.0,IRFĒ,3,,493.0,,,+3%,+4%,513.0,>5000 (breakout),>5000 (breakout),0%,0%,True,False,False,0.0,0.0,0.06851115889234038,pv,0.06851115889234038,0.19238848238838516,0.0870927574167471,454,8.9,C
Q28857986,Lorna Jane,manufacturer and retailer of women's activewear,2.0,Lorna Jane,1,,873.0,7.57,,+10%,-5%,689.0,+40%,+1300%,no-data,no-data,True,True,False,0.06704897557151558,0.0,0.09116853498648092,trends+pv,0.07394027826150569,0.15708453807999054,0.08641191723427841,455,8.8,C
Q7866331,USC,clothing retailer that sells branded clothing across the United Kingdom,2.0,USC (clothing retailer),1,,570.0,,,+44%,+16%,716.0,+20%,+4%,0%,0%,True,False,False,0.0,0.0,0.07366738978825384,pv,0.07366738978825384,0.15708453807999054,0.08617996203201433,456,8.8,C
Q4781133,Apple Bottoms,fashion brand for women,1.0,Apple Bottoms,1,,2849.0,3.82,,-4%,-60%,2291.0,+10%,-50%,0%,0%,True,True,False,0.047629485303822924,0.0,0.16469638958213853,trends+pv,0.08107717224048454,0.11107554209591775,0.08557692771879952,457,8.7,C
Q18636520,Dolls Kill,American online retailer,1.0,Dolls Kill,1,,1489.0,6.65,,+17%,-56%,1272.0,+30%,+4%,0%,0%,True,True,False,0.06284272802262135,0.0,0.11906529794665327,trends+pv,0.07890631942948763,0.11107554209591775,0.08373170282945214,458,8.5,C
Q19903688,Target Optical,eyewear retailer in the United States,1.0,Target Optical,1,,467.0,11.79,,+3%,-10%,462.0,-4%,+1800%,>5000 (breakout),>5000 (breakout),True,True,False,0.083676038203006,0.0,0.06668010798629138,trends+pv,0.07882005814108754,0.11107554209591775,0.08365838073431206,459,8.5,C
Q6316068,Just Jeans,Australian clothing retail brand,1.0,,0,,,9.53,,,,,-10%,-80%,0%,0%,False,True,False,0.07522992992868598,0.0,0.0,trends,0.07522992992868598,0.11107554209591775,0.08060677175377073,460,8.2,C
Q55205917,Best Company,Italian fashion firm,2.0,,2,,465.0,,,+36%,-15%,467.0,>5000 (breakout),>5000 (breakout),0%,0%,True,False,False,0.0,0.0,0.06653717082730015,pv,0.06653717082730015,0.15708453807999054,0.08011927591520371,461,8.2,C
Q5392021,IC Group,Danish clothing company,3.0,IC Group,3,,381.0,,,+11%,-32%,277.0,>5000 (breakout),>5000 (breakout),0%,0%,True,False,False,0.0,0.0,0.06022826353540971,pv,0.06022826353540971,0.19238848238838516,0.08005229636335602,462,8.2,C
Q110225120,Max Mara,Italian fashion company,1.0,,1,,875.0,11.52,3.94,-5%,-17%,729.0,+20%,+20%,>5000 (breakout),no-data,True,True,True,0.08271236646958768,0.043389865526177435,0.09127290655470192,trends+news+pv,0.07262772420358746,0.11107554209591775,0.07839489688743699,463,8.0,C
Q109906064,Sleeper,Ukrainian fashion brand,2.0,Sleeper (brand),2,,386.0,,,-39%,-57%,146.0,+300%,-10%,no-data,no-data,True,False,False,0.0,0.0,0.06062217397038935,pv,0.06062217397038935,0.15708453807999054,0.07509152858682952,464,7.7,C
Q10443115,Carlings,Norwegian clothing store chain,4.0,,3,,,3.75,,,,,+4%,-4%,0%,0%,False,True,False,0.04719107177086158,0.0,0.0,trends,0.04719107177086158,0.2221510841918355,0.07343507363400766,465,7.5,C
Q307894,2(x)ist,company,9.0,2(X)IST,9,,429.0,0.27,,-27%,-15%,314.0,+130%,+130%,no-data,no-data,True,True,False,0.012662693329286144,0.0,0.06390965899754521,trends+pv,0.027304683520217306,0.33322662628775324,0.0731929749353477,466,7.5,C
Q111283880,Anine Bing,women's fashion brand,1.0,,1,,,7.43,,,,,,,0%,0%,False,True,False,0.06642607842060783,0.0,0.0,trends,0.06642607842060783,0.11107554209591775,0.07312349797190432,467,7.5,C
Q5024439,Calvin Klein Collection,fashion brand,1.0,Calvin Klein Collection,1,,437.0,,,-3%,-25%,362.0,,,0%,0%,True,False,False,0.0,0.0,0.06450280079679592,pv,0.06450280079679592,0.11107554209591775,0.07148871199166419,468,7.3,C
Q18390679,Robert Graham,American luxury men's fashion brand,1.0,Robert Graham (fashion brand),1,,859.0,4.16,,-21%,-30%,714.0,,,no-data,no-data,True,True,False,0.04970394640351113,0.0,0.0904345612918319,trends+pv,0.06134126494303136,0.11107554209591775,0.06880140651596431,469,7.0,C
Q86682767,Sézane,French fashion brand,1.0,,1,,1949.0,1.42,,+39%,+11%,2377.0,,,+2400%,>5000 (breakout),True,True,False,0.029039449498608167,0.0,0.13622090892524996,trends+pv,0.05966272362050583,0.11107554209591775,0.06737464639181762,470,6.9,C
Q28056374,Tezenis,Italian lingerie retailer owned by Calzedonia,3.0,,2,,209.0,,,,,307.0,-40%,-6%,>5000 (breakout),>5000 (breakout),True,False,False,0.0,0.0,0.044607819755568934,pv,0.044607819755568934,0.19238848238838516,0.06677491915049136,471,6.8,C
Q16985816,C. Wonder,American fashion retailer,1.0,C. Wonder,1,,333.0,,,-24%,+2%,337.0,,,0%,0%,True,False,False,0.0,0.0,0.056306686492804854,pv,0.056306686492804854,0.11107554209591775,0.06452201483327179,472,6.6,C
Q11072650,Swear,Taiwanese lingerie brand,3.0,,2,,181.0,,,+40%,-4%,184.0,>5000 (breakout),>5000 (breakout),0%,0%,True,False,False,0.0,0.0,0.041512333014119294,pv,0.041512333014119294,0.19238848238838516,0.06414375542025917,473,6.5,C
Q7456144,Sessions,US apparel company,2.0,Sessions (clothing company),2,,187.0,2.61,,+16%,+28%,192.0,,,0%,0%,True,True,False,0.039369913505090344,0.0,0.042194773258800757,trends+pv,0.04017701629186475,0.15708453807999054,0.05771314456008362,474,5.9,C
Q130705749,Assem,Dutch fashion company,1.0,,1,,,3.75,,,,,+20%,+550%,no-data,no-data,False,True,False,0.04719107177086158,0.0,0.0,trends,0.04719107177086158,0.11107554209591775,0.05677374231962,475,5.8,C
Q11993725,Oleana,Norwegian textile manufacturer,3.0,Oleana (clothing),2,,108.0,,,+3%,-29%,107.0,0%,0%,0%,0%,True,False,False,0.0,0.0,0.03206636501938498,pv,0.03206636501938498,0.19238848238838516,0.056114682624735,476,5.7,C
Q115804691,Volcano,Polish clothing company,1.0,Volcano (brand),1,,216.0,,,-11%,-15%,157.0,0%,>5000 (breakout),0%,0%,True,False,False,0.0,0.0,0.04534868830642043,pv,0.04534868830642043,0.11107554209591775,0.05520771637484502,477,5.6,C
Q5324709,EXR,Korea-based clothing company,3.0,EXR (clothing),3,,93.0,,,+39%,-21%,99.0,+180%,>5000 (breakout),0%,0%,True,False,False,0.0,0.0,0.029756327400071815,pv,0.029756327400071815,0.19238848238838516,0.05415115064831881,478,5.5,C
Q3299151,Matix,American apparel company,3.0,,3,,88.0,,,+42%,-9%,88.0,>5000 (breakout),>5000 (breakout),no-data,no-data,True,False,False,0.0,0.0,0.02894537565717319,pv,0.028945375657173193,0.19238848238838516,0.053461841666854984,479,5.5,C
Q20987378,Barefoot,company,2.0,Barefoot (retailer),2,,128.0,,,+3%,-36%,114.0,+10%,+9%,no-data,no-data,True,False,False,0.0,0.0,0.034909436534811024,pv,0.034909436534811024,0.15708453807999054,0.05323570176658795,480,5.4,C
Q125660181,Kaporal,French fashion brand,1.0,,1,,904.0,0.78,,+12%,-20%,765.0,0%,0%,>5000 (breakout),>5000 (breakout),True,True,False,0.02152244012689041,0.0,0.09277310015136185,trends+pv,0.041879771562453684,0.11107554209591775,0.052259137142473294,481,5.3,C
Q7197417,Piping Hot,Australian surf and street clothing brand,1.0,Piping Hot,1,,184.0,,,+16%,-4%,202.0,>5000 (breakout),>5000 (breakout),0%,0%,True,False,False,0.0,0.0,0.04185494404868286,pv,0.04185494404868286,0.11107554209591775,0.05223803375576809,482,5.3,C
Q125995969,The Attico,Italian fashion label,2.0,The Attico,1,,465.0,0.71,,-6%,-27%,425.0,-20%,-30%,no-data,no-data,True,True,False,0.020533991662390123,0.0,0.06653717082730015,trends+pv,0.033677757138078704,0.15708453807999054,0.05218877427936548,483,5.3,C
Q138486466,Shukr,brand of Islamic clothing,1.0,Shukr (brand),1,,177.0,,,,,130.0,>5000 (breakout),>5000 (breakout),0%,0%,True,False,False,0.0,0.0,0.04105107055304193,pv,0.04105107055304193,0.11107554209591775,0.05155474128447329,484,5.3,C
Q2290173,Sirri,Faroese fashion label,2.0,,1,,,1.49,,,,,>5000 (breakout),>5000 (breakout),0%,0%,False,True,False,0.02974660052185274,0.0,0.0,trends,0.02974660052185274,0.15708453807999054,0.04884729115557341,485,5.0,C
Q7553581,Soffe,American sportswear brand,1.0,Soffe,1,,390.0,1.21,,-2%,-23%,381.0,>5000 (breakout),>5000 (breakout),0%,0%,True,True,False,0.026806301141873125,0.0,0.06093546894560232,trends+pv,0.036557491942938614,0.11107554209591775,0.04773519946588548,486,4.9,C
Q2872152,Australian,Dutch clothing brand,2.0,,2,,74.0,,,-26%,-21%,53.0,-3%,-30%,0%,0%,True,False,False,0.0,0.0,0.026543226563471526,pv,0.026543226563471526,0.15708453807999054,0.04612442329094937,487,4.7,C
Q3439593,Cubus,Norwegian clothing company and store chain,4.0,,3,,,,,,,,+8%,-1%,>5000% (breakout),>5000% (breakout),False,False,False,0.0,0.0,0.0,,,0.2221510841918355,0.03332266262877532,488,3.4,C
Q55748823,garment factory,factory that makes clothes,3.0,,2,,,,,,,,,,no-data,no-data,False,False,False,0.0,0.0,0.0,,,0.19238848238838516,0.02885827235825777,489,2.9,C
Q47155680,Kari,Russian chain of shoe and accessory stores,2.0,,1,,,,,,,,-80%,>5000 (breakout),0%,0%,False,False,False,0.0,0.0,0.0,,,0.15708453807999054,0.02356268071199858,490,2.4,C
Q94776153,PME Legend,Dutch fashion brand,2.0,,1,,,,,,,,,,no-data,no-data,False,False,False,0.0,0.0,0.0,,,0.15708453807999054,0.02356268071199858,491,2.4,C
Q125191429,Ladies,a lingerie brand designed by Triumph in Taiwan for Taiwanese women.,1.0,,0,,,,,,,,,,no-data,no-data,False,False,False,0.0,0.0,0.0,,,0.11107554209591775,0.01666133131438766,492,1.7,C
Q12340378,VILA,Danish clothing store chain,1.0,,1,,,,,,,,+300%,+900%,0%,0%,False,False,False,0.0,0.0,0.0,,,0.11107554209591775,0.01666133131438766,493,1.7,C
Q125705303,Fix,,1.0,,1,,,,,,,,,,0%,0%,False,False,False,0.0,0.0,0.0,,,0.11107554209591775,0.01666133131438766,494,1.7,C
Q131673087,Moose Knuckles,Canadian outdoor clothing company,1.0,,1,,,,,,,,>5000 (breakout),>5000 (breakout),>5000 (breakout),>5000 (breakout),False,False,False,0.0,0.0,0.0,,,0.11107554209591775,0.01666133131438766,495,1.7,C
Q132531889,Alé,ALÉ is APG’s brand,1.0,,0,,,,,,,,>5000 (breakout),>5000 (breakout),no-data,no-data,False,False,False,0.0,0.0,0.0,,,0.11107554209591775,0.01666133131438766,496,1.7,C
Q140069588,Dorko,Hungarian fashion brand,1.0,,1,,,,,,,,,,0%,no-data,False,False,False,0.0,0.0,0.0,,,0.11107554209591775,0.01666133131438766,497,1.7,C
Q5175717,Cotton On,Australian clothing retailer,1.0,,0,,,,,,,,+60%,>5000 (breakout),>5000% (breakout),>5000% (breakout),False,False,False,0.0,0.0,0.0,,,0.11107554209591775,0.01666133131438766,498,1.7,C
Q64852777,Beer,French fashion house founded by Gustave Beer,1.0,,0,,,,,,,,,,0%,0%,False,False,False,0.0,0.0,0.0,,,0.11107554209591775,0.01666133131438766,499,1.7,C
Q124984211,Nude Project,fashion label,0.0,Nude Project,0,,0.0,,,,,0.0,,,,,False,False,False,0.0,0.0,0.0,,,0.0,0.0,500,0.0,C
