qid,brand,description,sitelinks,en_title,pv_median,pv_recent,pv_12mo,gdelt_12mo,reddit_vol,trends_score,elig_pv,elig_gdelt,elig_trends,elig_reddit,pv_ratio,gdelt_ratio,trends_ratio,reddit_ratio,sources,attention,breadth,raw,rank,interest_index,tier,n_wikipedias,es_title,fr_title,it_title,de_title,ja_title,zh_title,wikipedia_langs,review_flag
Q125191429,Ladies,a lingerie brand designed by Triumph in Taiwan for Taiwanese women.,1,,0,0.0,0,,,105.08,False,False,True,False,0.0,0.0,1.137603051217226,0.0,trends,1.137603051217226,0.11657322005041776,0.9844485765422046,1,108.1,A,0,,,,,,,,
Q22032349,Wood Wood,fashion and lifestyle brand,2,Wood Wood,0,0.0,0,,,94.92,False,False,True,False,0.0,0.0,1.0812088228130723,0.0,trends,1.0812088228130723,0.164859428804804,0.9437564137118319,2,103.7,A,2,,,,,,,en,
Q125705303,Fix,,1,,0,0.0,0,,,85.95,False,False,True,False,0.0,0.0,1.0288537780374278,0.0,trends,1.0288537780374278,0.11657322005041776,0.8920116943393763,3,98.0,A,1,,,,,,,,
Q6766373,Mark's,Canadian clothing and footwear retailer,2,Mark's,0,0.0,0,,405000.0,,False,False,False,True,0.0,0.0,0.0,0.9969437983611708,reddit,0.9969437983611706,0.164859428804804,0.8721311429277155,4,95.8,A,1,,,,,,,en,
Q64852777,Beer,French fashion house founded by Gustave Beer,1,,0,0.0,0,,,79.63,False,False,True,False,0.0,0.0,0.990305233152281,0.0,trends,0.990305233152281,0.11657322005041776,0.8592454311870015,5,94.4,A,0,,,,,,,,
Q25222241,'47,American clothing brand,3,'47 (brand),0,0.0,0,,315000.0,,False,False,False,True,0.0,0.0,0.0,0.8792217871905934,reddit,0.8792217871905934,0.2019107399292305,0.7776251301013889,6,85.4,A,3,,,,,,,en,
Q48743138,Away,American travel and lifestyle brand,1,Away (company),0,0.0,0,,274000.0,,False,False,False,True,0.0,0.0,0.0,0.8200086731894204,reddit,0.8200086731894204,0.11657322005041776,0.7144933552185699,7,78.5,A,1,,,,,,,en,
Q7456144,Sessions,US apparel company,2,Sessions (clothing company),0,0.0,0,,264000.0,,False,False,False,True,0.0,0.0,0.0,0.8049059317662659,reddit,0.8049059317662659,0.164859428804804,0.7088989563220466,8,77.9,A,2,,,,,,,en,
Q5204244,DAKS,British luxury fashion house,8,DAKS,0,0.0,0,,240500.0,,False,False,False,True,0.0,0.0,0.0,0.768246702548173,reddit,0.768246702548173,0.329718857609608,0.7024675258073882,9,77.2,A,7,,,DAKS,,DAKS,,"en,it,ja",
Q742988,New Balance,American footwear manufacturer,40,New Balance,0,0.0,0,,13800.0,42.95,False,False,True,True,0.0,0.0,0.7272978441727715,0.18402749212122413,trends+reddit,0.6933434471695498,0.7372737790786573,0.6999329969559158,10,76.9,A,39,New Balance,New Balance,New Balance,New Balance,ニューバランス,New Balance,"en,es,fr,it,de,ja,zh",
Q101108013,George,"UK clothing brand owed by ASDA, and sold in their stores",2,George (fashion label),0,0.0,0,,249000.0,,False,False,False,True,0.0,0.0,0.0,0.7817049068046656,reddit,0.7817049068046656,0.164859428804804,0.6891780851046864,11,75.7,A,1,,,,,,,en,
Q3157513,Jacob,Canadian clothing store chain,3,Jacob (clothing retailer),0,0.0,0,,235000.0,,False,False,False,True,0.0,0.0,0.0,0.7594113708417835,reddit,0.7594113708417835,0.2019107399292305,0.6757862762049005,12,74.2,A,2,,Jacob (entreprise),,,,,"en,fr",
Q5512642,GU,Japanese clothing brand,8,GU (retailer),0,0.0,0,,218000.0,,False,False,False,True,0.0,0.0,0.0,0.7314277130866019,reddit,0.7314277130866019,0.329718857609608,0.6711713847650529,13,73.7,A,7,,,,,ジーユー,GU,"en,ja,zh",
Q138486466,Shukr,brand of Islamic clothing,1,Shukr (brand),0,0.0,0,,,47.15,False,False,True,False,0.0,0.0,0.7620291147799932,0.0,trends,0.7620291147799932,0.11657322005041776,0.6652107305705569,14,73.1,A,1,,,,,,,en,
Q9294202,House,chain of clothing stores throughout Poland and Europe,4,House (brand),0,0.0,0,,224000.0,,False,False,False,True,0.0,0.0,0.0,0.7414249109243014,reddit,0.7414249109243014,0.23314644010083552,0.6651831403007815,15,73.1,A,3,,,,,,,en,
Q1384784,Express,American fashion retailer,5,"Express, Inc.",0,0.0,0,,219000.0,,False,False,False,True,0.0,0.0,0.0,0.733103380146642,reddit,0.733103380146642,0.26066564438877554,0.662237719782962,16,72.7,A,4,,,,Express (Unternehmen),,,"en,de",
Q2872152,Australian,Dutch clothing brand,2,,0,0.0,0,,126000.0,44.99,False,False,True,True,0.0,0.0,0.7443697448104473,0.5560686831932261,trends+reddit,0.732600928459371,0.164859428804804,0.6474397035111858,17,71.1,A,2,,Australian,,,,,fr,
Q1135366,Vans,American manufacturer of shoes,39,Vans,0,0.0,0,,132000.0,,False,False,False,True,0.0,0.0,0.0,0.569154442569203,reddit,0.569154442569203,0.7279995258817149,0.5929812050660798,18,65.1,B,38,Vans,Vans (entreprise),Vans,Vans,Vans,范斯,"en,es,fr,it,de,ja,zh",
Q12340378,VILA,Danish clothing store chain,1,,0,0.0,0,,,26.99,False,False,True,False,0.0,0.0,0.5765436038402376,0.0,trends,0.5765436038402376,0.11657322005041776,0.5075480462717646,19,55.8,B,1,,,,,,,,
Q193136,Prada,Italian luxury fashion house,66,Prada,0,0.0,0,,39600.0,15.42,False,False,True,True,0.0,0.0,0.43578562770411533,0.3117387268994311,trends+reddit,0.4280326964038225,0.9470453166416727,0.5058845894395001,20,55.6,B,64,Prada (casa de moda),Prada (entreprise),Prada,Prada,プラダ,普拉達,"en,es,fr,it,de,ja,zh",
Q136570,Zalando,multinational e-commerce company specializing in shoes and fashion,23,Zalando,0,0.0,0,,5095.0,21.14,False,False,True,True,0.0,0.0,0.510250228245478,0.11181891108061005,trends+reddit,0.4853482709226738,0.5590655234918638,0.49640585880805227,21,54.5,B,23,Zalando,Zalando,Zalando,Zalando,Zalando,Zalando,"en,es,fr,it,de,ja,zh",
Q10443115,Carlings,Norwegian clothing store chain,4,,0,0.0,0,,118000.0,,False,False,False,True,0.0,0.0,0.0,0.5381262382913194,reddit,0.5381262382913194,0.23314644010083552,0.49237926856274683,22,54.1,B,3,,,,,,,,
Q2967663,Church's,high-end English footwear manufacturer,12,Church's,0,0.0,0,,101700.0,,False,False,False,True,0.0,0.0,0.0,0.49957838644481056,reddit,0.4995783864448106,0.403821479858461,0.48521485045685814,23,53.3,B,11,,Church's,Church's,,チャーチ (靴),,"en,fr,it,ja",
Q152784,The North Face,American company featuring outdoor apparel and sportswear,36,The North Face,0,0.0,0,,0.0,17.6,False,False,True,True,0.0,0.0,0.46557221074581584,0.0,trends+reddit,0.4364739475742023,0.6994393203025066,0.475918753483448,24,52.3,B,36,The North Face,The North Face,The North Face,The North Face,ザ・ノース・フェイス,北面 (品牌),"en,es,fr,it,de,ja,zh",
Q114913,Dickies,company that manufactures and sells work-related clothing and other accessories,15,Dickies,0,0.0,0,,89200.0,,False,False,False,True,0.0,0.0,0.0,0.4678704230992906,reddit,0.46787042309929056,0.4514861398690405,0.46541278061475305,25,51.1,B,14,Dickies,,Dickies (marchio),Williamson-Dickie Manufacturing Company,ディッキーズ,迪凯思,"en,es,it,de,ja,zh",
Q191485,Louis Vuitton,French fashion house and luxury retail company,69,Louis Vuitton,0,0.0,0,,52600.0,,False,False,False,True,0.0,0.0,0.0,0.35928247730196505,reddit,0.35928247730196505,0.9683298914479999,0.4506395894238703,26,49.5,B,68,Louis Vuitton,Louis Vuitton Malletier,Louis Vuitton,Louis Vuitton,ルイ・ヴィトン,路易威登,"en,es,fr,it,de,ja,zh",
Q635484,Giorgio Armani,Italy-based international luxury fashion house,52,Armani,0,0.0,0,,25457.0,12.34,False,False,True,True,0.0,0.0,0.3898417034068946,0.2499463365986044,trends+reddit,0.38109824298137646,0.840621444475456,0.45002672320548837,27,49.4,B,51,Armani,Giorgio Armani (entreprise),Giorgio Armani (azienda),Giorgio Armani SpA,アルマーニ,亞曼尼,"en,es,fr,it,de,ja,zh",
Q2121887,Polo Ralph Lauren,,2,,0,0.0,0,,,19.15,False,False,True,False,0.0,0.0,0.4856407323103366,0.0,trends,0.4856407323103366,0.164859428804804,0.43752353678450673,28,48.1,B,1,,,,,,,,
Q2945643,Skechers,American shoe company,24,Skechers,0,0.0,0,,8952.0,14.96,False,False,True,True,0.0,0.0,0.42923636950511823,0.14821876874901388,trends+reddit,0.41167276945786174,0.5710898135934092,0.43558532607819384,29,47.8,B,23,Skechers,Skechers,Skechers,Skechers,スケッチャーズ,斯凯奇,"en,es,fr,it,de,ja,zh",
Q115517249,Tu,clothing brand,2,Tu (clothing),0,0.0,0,,94700.0,,False,False,False,True,0.0,0.0,0.0,0.4820789340175044,reddit,0.4820789340175044,0.164859428804804,0.43449600823559936,30,47.7,B,1,,,,,,,en,
Q611115,Swarovski,Austrian crystal and jewelry company,46,Swarovski,0,0.0,0,,55453.0,,False,False,False,True,0.0,0.0,0.0,0.3688974793260001,reddit,0.3688974793260001,0.790638045577408,0.43215856426371124,31,47.5,B,44,Swarovski,Swarovski,Swarovski,D. Swarovski,スワロフスキー,施华洛世奇,"en,es,fr,it,de,ja,zh",
Q7866331,USC,clothing retailer that sells branded clothing across the United Kingdom,2,USC (clothing retailer),0,0.0,0,,89000.0,,False,False,False,True,0.0,0.0,0.0,0.46734561034510874,reddit,0.46734561034510874,0.164859428804804,0.42197268311406305,32,46.4,B,1,,,,,,,en,
Q3317844,Modell's,online sporting goods store with locations in the Northeastern United States,3,Modell's Sporting Goods,0,0.0,0,,85800.0,,False,False,False,True,0.0,0.0,0.0,0.4588669814582099,reddit,0.45886698145820987,0.2019107399292305,0.42032354522886295,33,46.2,B,2,,Modell's,,,,,"en,fr",
Q85761879,Frame,American fashion-retail company,1,Frame (fashion brand),0,0.0,0,,87700.0,,False,False,False,True,0.0,0.0,0.0,0.4639198562727254,reddit,0.4639198562727254,0.11657322005041776,0.41181786083937927,34,45.2,B,1,,,,,,,en,
Q696376,Versace,Italian luxury fashion company,60,Versace,0,0.0,0,,6244.0,9.04,False,False,True,True,0.0,0.0,0.3336682867372538,0.1237868785323293,trends+reddit,0.320550698724446,0.902972279738081,0.4079139358764913,35,44.8,B,58,Versace,Versace,Gianni Versace (azienda),Versace,ヴェルサーチ,范思哲,"en,es,fr,it,de,ja,zh",
Q2076935,Munich,Spanish shoe brand,7,Munich (sport shoes),0,0.0,0,,73300.0,,False,False,False,True,0.0,0.0,0.0,0.42412624922406994,reddit,0.42412624922406994,0.3084237497834138,0.4067708743079715,36,44.7,B,6,Munich (calzado deportivo),,Munich (azienda),,,,"en,es,it",
Q20716793,Pink,Victoria's Secret lingerie and apparel collection for young women,5,Pink (Victoria's Secret),0,0.0,0,,74900.0,,False,False,False,True,0.0,0.0,0.0,0.42873019685930025,reddit,0.4287301968593003,0.26066564438877554,0.4035205139887216,37,44.3,B,4,Pink (Victoria's Secret),,,,,,"en,es",
Q5515554,Gabe's,American discount fashion retailer,3,Gabe's,0,0.0,0,,77800.0,,False,False,False,True,0.0,0.0,0.0,0.4369512267769559,reddit,0.4369512267769559,0.2019107399292305,0.4016951537497971,38,44.1,B,2,,,,,,,en,
Q26070,Uniqlo,"Japanese casual wear designer, manufacturer and retailer",63,Uniqlo,0,0.0,0,,31600.0,,False,False,False,True,0.0,0.0,0.0,0.2784753162457952,reddit,0.2784753162457952,0.9252712493502414,0.3754947062114621,39,41.2,B,62,Uniqlo,Uniqlo,Uniqlo,Uniqlo,ユニクロ,優衣庫,"en,es,fr,it,de,ja,zh",
Q491627,Hugo Boss,Germany fashion company,48,Hugo Boss,0,0.0,0,,3488.0,7.85,False,False,True,True,0.0,0.0,0.3109320889056036,0.09251910068487233,trends+reddit,0.29728127714180785,0.807642959716922,0.373835529528075,40,41.1,B,47,Hugo Boss AG,Hugo Boss,Hugo Boss,Hugo Boss,ヒューゴ・ボス,雨果博斯,"en,es,fr,it,de,ja,zh",
Q11072650,Swear,Taiwanese lingerie brand,3,,0,0.0,0,,65500.0,,False,False,False,True,0.0,0.0,0.0,0.4009256246393619,reddit,0.40092562463936193,0.2019107399292305,0.3710733919328422,41,40.8,B,2,,,,,,思薇爾,zh,
Q4941440,Bonds,Australian clothing company,2,Bonds (clothing),0,0.0,0,,63200.0,,False,False,False,True,0.0,0.0,0.0,0.39382356902094023,reddit,0.39382356902094023,0.164859428804804,0.3594789479885198,42,39.5,B,2,,,,,,,en,
Q483915,Nike,American athletic equipment company,89,"Nike, Inc.",0,0.0,0,,20700.0,,False,False,False,True,0.0,0.0,0.0,0.22538672717052533,reddit,0.22538672717052535,1.0997495584587236,0.35654115186375507,43,39.2,B,84,Nike,Nike,Nike (azienda),Nike (Unternehmen),ナイキ,耐克,"en,es,fr,it,de,ja,zh",
Q4983306,Buckle,"American clothing retailer based in Kearney, Nebraska",4,Buckle (clothing retailer),0,0.0,0,,55900.0,,False,False,False,True,0.0,0.0,0.0,0.37038131430141497,reddit,0.37038131430141497,0.23314644010083552,0.34979608317132804,44,38.4,B,4,,,,,,,en,
Q1075391,Chloé,French fashion house created by Gaby Aghion,30,Chloé,0,0.0,0,,33862.0,,False,False,False,True,0.0,0.0,0.0,0.28827001267359753,reddit,0.28827001267359753,0.6384978222262733,0.3408041841064989,45,37.4,B,29,Chloé,Chloé (entreprise),Chloé,Chloé (Unternehmen),クロエ (ブランド),蔻依,"en,es,fr,it,de,ja,zh",
Q110778161,SKIMS,American fashion company founded by Kim Kardashian,5,Skims,0,0.0,0,,47700.0,,False,False,False,True,0.0,0.0,0.0,0.3421388206425779,reddit,0.3421388206425779,0.26066564438877554,0.32991784420450754,46,36.2,B,5,,Skims,,,,Skims,"en,fr,zh",
Q552230,Miu Miu,Italian fashion house,25,Miu Miu,0,0.0,0,,2206.0,6.9,False,False,True,True,0.0,0.0,0.2915112109559961,0.07357765098184152,trends+reddit,0.2778903634576114,0.5828661002520887,0.323636723976783,47,35.6,B,24,Miu Miu,,Miu Miu,,,Miu Miu,"en,es,it,zh",
Q178516,Gucci,"Italian luxury fashion house based in Florence, Italy",75,Gucci,0,0.0,0,,14500.0,,False,False,False,True,0.0,0.0,0.0,0.1886371236378511,reddit,0.1886371236378511,1.0095536996461527,0.31177461003909634,48,34.2,B,73,Gucci,Gucci,Gucci,Gucci,グッチ,古馳,"en,es,fr,it,de,ja,zh",
Q3111039,MCS,Italian clothing brand,7,MCS (fashion brand),0,0.0,0,,38700.0,,False,False,False,True,0.0,0.0,0.0,0.3081758815817297,reddit,0.3081758815817297,0.3084237497834138,0.3082130618119823,49,33.9,B,7,,MCS (mode),MCS (azienda),,,,"en,fr,it",
Q42332202,Bombas,American sock manufacturer,1,Bombas,0,0.0,0,,46800.0,,False,False,False,True,0.0,0.0,0.0,0.3388957254532613,reddit,0.3388957254532613,0.11657322005041776,0.30554734964283475,50,33.6,B,1,,,,,,,en,
Q1719431,Schmid,Fashion stores,2,,0,0.0,0,,44200.0,,False,False,False,True,0.0,0.0,0.0,0.32934744541444444,reddit,0.32934744541444444,0.164859428804804,0.3046742429229984,51,33.5,B,1,,,,Schmid (Handelskette),,,de,
Q706421,New Yorker,German clothing retailer,21,New Yorker (clothing),0,0.0,0,,26900.0,,False,False,False,True,0.0,0.0,0.0,0.2569326549018628,reddit,0.2569326549018628,0.5342056048857832,0.29852359739945084,52,32.8,C,20,NewYorker,New Yorker (vêtements),New Yorker (abbigliamento),New Yorker (Unternehmen),,,"en,es,fr,it,de",
Q147662,Zara,"retailer for clothing, headquartered in Spain",62,Zara (retailer),0,0.0,0,,13900.0,,False,False,False,True,0.0,0.0,0.0,0.18469305484386994,reddit,0.18469305484386994,0.917898452575901,0.2946738645036746,53,32.4,C,60,Zara,Zara (vêtements),Zara (azienda),Zara (Unternehmen),ザラ (ファッションブランド),飒拉,"en,es,fr,it,de,ja,zh",
Q1578717,Rochas,French fashion house and luxury brand,10,Rochas,0,0.0,0,,32055.0,,False,False,False,True,0.0,0.0,0.0,0.2804729969548819,reddit,0.2804729969548819,0.36863688953932866,0.29369758084254893,54,32.3,C,9,Rochas,Rochas,Rochas,Rochas,ロシャス,,"en,es,fr,it,de,ja",
Q649646,Valentino,Italian clothing company founded in 1960 by Valentino Garavani,32,Valentino (fashion house),0,0.0,0,,21200.0,,False,False,False,True,0.0,0.0,0.0,0.22809254709505192,reddit,0.22809254709505192,0.659437715219216,0.2927943223136765,55,32.2,C,31,Valentino (empresa),Valentino (entreprise),Valentino (azienda),Valentino (Unternehmen),ヴァレンティノ (ファッションブランド),华伦天奴,"en,es,fr,it,de,ja,zh",
Q19841609,Lids,American hat company,2,Lids (store),0,0.0,0,,38800.0,,False,False,False,True,0.0,0.0,0.0,0.30857378475789193,reddit,0.30857378475789193,0.164859428804804,0.2870166313649287,56,31.5,C,1,,,,,,,en,
Q701338,C&A,international Dutch chain of fashion retail clothing stores,24,C&A,0,0.0,0,,22500.0,,False,False,False,True,0.0,0.0,0.0,0.2349819067610193,reddit,0.2349819067610193,0.5710898135934092,0.2853980927858778,57,31.4,C,24,C&A,C&A,C&A,C&A,,C&A,"en,es,fr,it,de,zh",
Q1837290,Mexx,Dutch fashion brand,13,Mexx,0,0.0,0,,25566.0,,False,False,False,True,0.0,0.0,0.0,0.25048086639262174,reddit,0.25048086639262174,0.420310722237728,0.27595534476938766,58,30.3,C,12,,Mexx,,Mexx,,Mexx,"en,fr,de,zh",
Q211951,ASOS,British online fashion and beauty retailer,18,ASOS plc,0,0.0,0,,22500.0,,False,False,False,True,0.0,0.0,0.0,0.2349819067610193,reddit,0.2349819067610193,0.494578286414412,0.2739213637090282,59,30.1,C,17,ASOS.com,ASOS,ASOS.com,ASOS,ASOS.com,,"en,es,fr,it,de,ja",
Q1068628,Calvin Klein,American fashion house,47,Calvin Klein (fashion house),0,0.0,0,,12872.0,,False,False,False,True,0.0,0.0,0.0,0.1777322259296497,reddit,0.1777322259296497,0.7991857323222097,0.2709502518885337,60,29.8,C,46,Calvin Klein,Calvin Klein (marque),Calvin Klein,Calvin Klein (Unternehmen),,卡爾文·克雷恩,"en,es,fr,it,de,zh",
Q188326,H&M,Swedish multinational clothing-retail company,70,H&M,0,0.0,0,,8757.0,,False,False,False,True,0.0,0.0,0.0,0.14659556759930795,reddit,0.14659556759930795,0.9753215338054515,0.2709044625302295,61,29.8,C,67,H&M,H&M,H&M,H&M,H&M,H&M,"en,es,fr,it,de,ja,zh",
Q7310479,Reiss,UK-based fashion brand and retail store chain,3,Reiss (brand),0,0.0,0,,30690.0,,False,False,False,True,0.0,0.0,0.0,0.27443633366025083,reddit,0.27443633366025083,0.2019107399292305,0.2635574946005978,62,29.0,C,2,,,,,,,en,
Q24908552,100 Thieves,"American lifestyle brand and gaming organization based in Los Angeles, California",13,100 Thieves,0,0.0,0,,21800.0,,False,False,False,True,0.0,0.0,0.0,0.2312977517121808,reddit,0.23129775171218078,0.420310722237728,0.25964969729101284,63,28.5,C,12,,,,100 Thieves,100 Thieves,100 Thieves,"en,de,ja,zh",
Q5175717,Cotton On,Australian clothing retailer,1,,0,0.0,0,,,6.58,False,False,True,False,0.0,0.0,0.28467128580164724,0.0,trends,0.28467128580164724,0.11657322005041776,0.2594565759389628,64,28.5,C,0,,,,,,,,
Q691029,Pull&Bear,multinational clothing retailer from Spain,32,Pull&Bear,0,0.0,0,,2075.0,3.14,False,False,True,True,0.0,0.0,0.19665071971513573,0.07135956846156484,trends+reddit,0.18882002276178755,0.659437715219216,0.2594126766304018,65,28.5,C,31,Pull&Bear,Pull and Bear,Pull and Bear,Pull & Bear,,,"en,es,fr,it,de",
Q109906064,Sleeper,Ukrainian fashion brand,2,Sleeper (brand),0,0.0,0,,30700.0,,False,False,False,True,0.0,0.0,0.0,0.27448104105382914,reddit,0.27448104105382914,0.164859428804804,0.25803779921647535,66,28.3,C,2,,,,,,,en,
Q648458,Birkenstock,German shoe manufacturer,23,Birkenstock,0,0.0,0,,6451.0,3.56,False,False,True,True,0.0,0.0,0.2093898930891431,0.1258220293296212,trends+reddit,0.20416690160417297,0.5590655234918638,0.25740169488732656,67,28.3,C,22,Birkenstock,Birkenstock,Birkenstock,Birkenstock,ビルケンシュトック,勃肯,"en,es,fr,it,de,ja,zh",
Q332477,Victoria’s Secret,American retailer of lingerie,59,Victoria's Secret,0,0.0,0,,8145.0,,False,False,False,True,0.0,0.0,0.0,0.14138023813399828,reddit,0.14138023813399828,0.8954158935056179,0.2544855864397412,68,28.0,C,55,Victoria's Secret,Victoria's Secret,Victoria's Secret,Victoria’s Secret,ヴィクトリアズ・シークレット,维多利亚的秘密,"en,es,fr,it,de,ja,zh",
Q7747373,The Limited,American apparel company,1,The Limited,0,0.0,0,,28000.0,,False,False,False,True,0.0,0.0,0.0,0.26213329112760275,reddit,0.26213329112760275,0.11657322005041776,0.240299280466025,69,26.4,C,1,,,,,,,en,
Q735873,Kappa,Italian sportswear brand,45,Kappa (brand),0,0.0,0,,8480.0,,False,False,False,True,0.0,0.0,0.0,0.1442583932259173,reddit,0.1442583932259173,0.7819969331663267,0.23991917421697867,70,26.4,C,44,Kappa (marca),Kappa (entreprise),Kappa (azienda),Kappa (Unternehmen),Kappa,卡帕 (公司),"en,es,fr,it,de,ja,zh",
Q107481263,Bode,American menswear brand,2,Bode (fashion brand),0,0.0,0,,25560.0,,False,False,False,True,0.0,0.0,0.0,0.2504514724047962,reddit,0.2504514724047962,0.164859428804804,0.23761266586479737,71,26.1,C,1,,,,,,,en,
Q20714032,Seraphine,British maternity fashion label and store,3,Seraphine (company),0,0.0,0,,23400.0,,False,False,False,True,0.0,0.0,0.0,0.23963546558313553,reddit,0.2396354655831355,0.2019107399292305,0.23397675673504975,72,25.7,C,3,,Seraphine (entreprise),,,,,"en,fr",
Q1030922,Camper,spanish footwear company from Mallorca,12,Camper (company),0,0.0,0,,16800.0,,False,False,False,True,0.0,0.0,0.0,0.20304757420474917,reddit,0.2030475742047492,0.403821479858461,0.23316366005280598,73,25.6,C,11,Camper (empresa),Camper (chaussure),,Camper (Schuhhersteller),カンペール (企業),,"en,es,fr,de,ja",
Q265056,s.Oliver,German fashion company,12,S.Oliver,0,0.0,0,,16800.0,,False,False,False,True,0.0,0.0,0.0,0.20304757420474917,reddit,0.2030475742047492,0.403821479858461,0.23316366005280598,74,25.6,C,11,,,S.Oliver,S.Oliver,,,"en,it,de",
Q2072372,streetwear,"style of casual clothing developed in the 1990s from Californian surf and skate culture to encompass elements of sportswear, hip hop, punk and Japanese street fashion",17,Streetwear,0,0.0,0,,14357.0,,False,False,False,True,0.0,0.0,0.0,0.1877046427322483,reddit,0.1877046427322483,0.4806436993862429,0.23164550123034747,75,25.4,C,15,,Streetwear,Streetwear,Streetwear,,,"en,fr,it,de",
Q309031,Lacoste,French clothing and footwear company,59,Lacoste,0,0.0,0,,4630.0,,False,False,False,True,0.0,0.0,0.0,0.10659422098539142,reddit,0.10659422098539142,0.8954158935056179,0.22491747186342537,76,24.7,C,56,Lacoste,Lacoste (entreprise),Lacoste,Lacoste,ラコステ,拉科斯特 (品牌),"en,es,fr,it,de,ja,zh",
Q107377209,Shein,Chinese-Singaporean online fashion retailer,41,Shein,0,0.0,0,,7110.0,,False,False,False,True,0.0,0.0,0.0,0.1320924407208604,reddit,0.1320924407208604,0.7464328107404228,0.22424349622379475,77,24.6,C,40,Shein,Shein (société),Shein (azienda),Shein,Shein,希音,"en,es,fr,it,de,ja,zh",
Q1136426,Hackett,multi-channel British menswear clothing brand and retailer,12,Hackett London,0,0.0,0,,14970.0,,False,False,False,True,0.0,0.0,0.0,0.19166996549978696,reddit,0.19166996549978696,0.403821479858461,0.22349269265358807,78,24.6,C,11,Hackett London,Hackett (entreprise),,Hackett London,ハケットロンドン,,"en,es,fr,de,ja",
Q20987378,Barefoot,company,2,Barefoot (retailer),0,0.0,0,,22100.0,,False,False,False,True,0.0,0.0,0.0,0.23288381201901998,reddit,0.23288381201902,0.164859428804804,0.2226801545368876,79,24.5,C,2,,,,,,,en,
Q420953,Air Jordan,"brand of shoes and athletic clothing designed, owned, and produced for Michael Jordan by Nike",31,Air Jordan,0,0.0,0,,8508.0,,False,False,False,True,0.0,0.0,0.0,0.14449635939510994,reddit,0.14449635939510994,0.6490522202570581,0.22017973852440215,80,24.2,C,30,Air Jordan,Nike Air Jordan,Air Jordan,,エア・ジョーダン,飛人佐敦,"en,es,fr,it,ja,zh",
Q843887,Hermès,French luxury goods manufacturer,59,Hermès,0,0.0,0,,3859.0,,False,False,False,True,0.0,0.0,0.0,0.09731517182455644,reddit,0.09731517182455644,0.8954158935056179,0.21703028007671565,82,23.8,C,57,Hermès,Hermès International,Hermès,Hermès (Unternehmen),エルメス,愛馬仕,"en,es,fr,it,de,ja,zh",
Q174310,Nordstrom,American chain of luxury department stores,26,Nordstrom,0,0.0,0,,9164.0,,False,False,False,True,0.0,0.0,0.0,0.14996354727025077,reddit,0.14996354727025077,0.5944091237994258,0.216630383749627,83,23.8,C,25,Nordstrom,Nordstrom,Nordstrom,Nordstrom,ノードストローム,诺德斯特龙百货公司,"en,es,fr,it,de,ja,zh",
Q752515,Bulgari,Italian luxury fashion house,52,Bulgari,0,0.0,0,,4448.0,,False,False,False,True,0.0,0.0,0.0,0.10447816921452747,reddit,0.10447816921452747,0.840621444475456,0.21489966050366677,84,23.6,C,51,Bulgari,Bulgari,Bulgari (azienda),Bulgari,ブルガリ,寶格麗,"en,es,fr,it,de,ja,zh",
Q390107,Burberry,English fashion company,51,Burberry,0,0.0,0,,4298.0,,False,False,False,True,0.0,0.0,0.0,0.10270140147884615,reddit,0.10270140147884615,0.8324993076748347,0.21217108740824442,85,23.3,C,48,Burberry,Burberry,Burberry,Burberry,バーバリー,博柏利,"en,es,fr,it,de,ja,zh",
Q319344,Abercrombie & Fitch,American fashion retailer,31,Abercrombie & Fitch,0,0.0,0,,7314.0,,False,False,False,True,0.0,0.0,0.0,0.13397403652912165,reddit,0.13397403652912165,0.6490522202570581,0.21123576408831213,86,23.2,C,30,Abercrombie & Fitch,Abercrombie & Fitch,Abercrombie & Fitch,Abercrombie & Fitch,アバクロンビー&フィッチ,Abercrombie & Fitch,"en,es,fr,it,de,ja,zh",
Q958209,Springfield,Spanish clothing company,7,,0,0.0,0,,15300.0,,False,False,False,True,0.0,0.0,0.0,0.19377104433694464,reddit,0.19377104433694464,0.3084237497834138,0.210968950153915,87,23.2,C,6,Springfield (cadena de tiendas),Springfield (vêtements),,Springfield (Mode),,,"es,fr,de",
Q7740985,The Hundreds,American streetwear brand,3,The Hundreds,0,0.0,0,,18200.0,,False,False,False,True,0.0,0.0,0.0,0.2113386157480515,reddit,0.2113386157480515,0.2019107399292305,0.2099244343752283,88,23.1,C,3,,The Hundreds,,,,,"en,fr",
Q927272,NKD,German multinational discount chain of clothing and housewares stores,10,NKD (retailer),0,0.0,0,,13356.0,,False,False,False,True,0.0,0.0,0.0,0.18104284665623863,reddit,0.18104284665623863,0.36863688953932866,0.20918195308870213,89,23.0,C,9,,,NKD (azienda),NKD,,NKD,"en,it,de,zh",
Q125206509,Patta,Dutch streetwear brand,2,,0,0.0,0,,,3.82,False,False,True,False,0.0,0.0,0.21690142119117298,0.0,trends,0.21690142119117295,0.164859428804804,0.20909512233321761,90,23.0,C,1,,,,,,,,
Q214480,Dolce & Gabbana,Italian fashion house,53,Dolce & Gabbana,0,0.0,0,,3591.0,,False,False,False,True,0.0,0.0,0.0,0.09387519822724787,reddit,0.09387519822724787,0.8486658521143202,0.20709379631030872,91,22.7,C,49,Dolce & Gabbana,Dolce & Gabbana,Dolce & Gabbana,Dolce & Gabbana,ドルチェ&ガッバーナ,杜嘉班纳,"en,es,fr,it,de,ja,zh",
Q87193804,Scalpers,Spanish clothing store chain,5,Scalpers,0,0.0,0,,15900.0,,False,False,False,True,0.0,0.0,0.0,0.1975339401982134,reddit,0.1975339401982134,0.26066564438877554,0.20700369582679773,92,22.7,C,4,Scalpers,,,,,,"en,es",
Q6793571,Maurices,North American clothes retailer,2,Maurices,0,0.0,0,,18382.0,,False,False,False,True,0.0,0.0,0.0,0.21239268022077779,reddit,0.21239268022077779,0.164859428804804,0.20526269250838172,93,22.5,C,1,,,,,,,en,
Q2031485,Under Armour,American sports clothing and accessories company,39,Under Armour,0,0.0,0,,5084.0,,False,False,False,True,0.0,0.0,0.0,0.11169813849670321,reddit,0.11169813849670321,0.7279995258817149,0.20414334660445493,94,22.4,C,38,Under Armour,Under Armour,Under Armour,Under Armour,アンダーアーマー,安德玛,"en,es,fr,it,de,ja,zh",
Q1445358,Wrangler,American manufacturer of jeans and other clothing items,20,Wrangler (brand),0,0.0,0,,8611.0,,False,False,False,True,0.0,0.0,0.0,0.145368382838595,reddit,0.145368382838595,0.5213312887775511,0.2017628187294384,95,22.2,C,19,Wrangler (marca),Wrangler (jeans),Wrangler (jeans),Wrangler (Jeans),ラングラー (ジーンズ),,"en,es,fr,it,de,ja",
Q1280255,ECCO,shoe company,20,ECCO,0,0.0,0,,13351.0,1.66,False,False,True,True,0.0,0.0,0.14298311694581584,0.18100895555976687,trends+reddit,0.14535973185918777,0.5213312887775511,0.20175546539694228,96,22.2,C,20,,ECCO (entreprise danoise),,Ecco (Schuhe),エコー (靴メーカー),ECCO Sko A/S,"en,fr,de,ja,zh",
Q659863,Moschino,Italian luxury fashion house,28,Moschino,0,0.0,0,,6543.0,,False,False,False,True,0.0,0.0,0.0,0.12671604943205458,reddit,0.12671604943205458,0.6168474995668276,0.20023576695227052,97,22.0,C,27,Moschino,Moschino,Moschino,Moschino (Modemarke),,夢仙奴,"en,es,fr,it,de,zh",
Q7197417,Piping Hot,Australian surf and street clothing brand,1,Piping Hot,0,0.0,0,,18796.0,,False,False,False,True,0.0,0.0,0.0,0.21477112037482693,reddit,0.2147711203748269,0.11657322005041776,0.20004143532616553,98,22.0,C,1,,,,,,,en,
Q28224724,Golden Goose,Italian footwear company,7,Golden Goose (company),0,0.0,0,,0.0,2.98,False,False,True,True,0.0,0.0,0.1915750061671585,0.0,trends+reddit,0.17960156828171106,0.3084237497834138,0.19892489550696646,99,21.9,C,6,Golden Goose,,Golden Goose,,,,"en,es,it",
Q53472173,Off-White,Italian luxury fashion label founded by Virgil Abloh,19,Off-White (company),0,0.0,0,,8397.0,,False,False,False,True,0.0,0.0,0.0,0.14355067570611627,reddit,0.14355067570611627,0.5081308857229004,0.19823770720863387,100,21.8,C,19,Off-White (empresa),Off-White,Off-White,,オフホワイト (ファッションブランド),Off-White,"en,es,fr,it,ja,zh",
Q759210,Givenchy,French luxury brand,46,Givenchy,0,0.0,0,,3547.0,,False,False,False,True,0.0,0.0,0.0,0.09329830607093748,reddit,0.09329830607093748,0.790638045577408,0.19789926699690805,101,21.7,C,45,Givenchy,Givenchy,Givenchy,Givenchy (Unternehmen),ジバンシィ,紀梵希,"en,es,fr,it,de,ja,zh",
Q132531889,Alé,ALÉ is APG’s brand,1,,0,0.0,0,,526.0,3.98,False,False,True,True,0.0,0.0,0.2213972653202489,0.035928247730196504,trends+reddit,0.20980545172087062,0.11657322005041776,0.19582061697030267,102,21.5,C,0,,,,,,,,
Q72982331,Francesca's,American luxury boutique chain,2,Francesca's,0,0.0,0,,16400.0,,False,False,False,True,0.0,0.0,0.0,0.20061577900528912,reddit,0.20061577900528912,0.164859428804804,0.19525232647521637,103,21.4,C,1,,,,,,,en,
Q11788344,CCC,Polish multinational shoe store chain,7,,0,0.0,0,,12262.0,,False,False,False,True,0.0,0.0,0.0,0.17346977708521308,reddit,0.17346977708521308,0.3084237497834138,0.1937128729899432,104,21.3,C,6,,,,CCC (Unternehmen),,,de,
Q926575,Fendi,Italian enterprise and fashion house,44,Fendi,0,0.0,0,,3306.0,,False,False,False,True,0.0,0.0,0.0,0.09007299199246419,reddit,0.09007299199246419,0.7732592630215414,0.19255093264682577,105,21.2,C,43,Fendi,Fendi,Fendi,Fendi,フェンディ,芬迪,"en,es,fr,it,de,ja,zh",
Q806085,Banana Republic,American clothing and accessories retailer,23,Banana Republic,0,0.0,0,,6645.0,,False,False,False,True,0.0,0.0,0.0,0.12769992939631214,reddit,0.12769992939631214,0.5590655234918638,0.19240476851064486,106,21.1,C,22,Banana Republic,Banana Republic,Banana Republic (azienda),Banana Republic,バナナ・リパブリック,香蕉共和國 (服飾),"en,es,fr,it,de,ja,zh",
Q2282172,Yves Saint Laurent,French luxury fashion house,40,Yves Saint Laurent (fashion house),0,0.0,0,,3716.0,,False,False,False,True,0.0,0.0,0.0,0.09549508446052077,reddit,0.09549508446052077,0.7372737790786573,0.19176188865324123,107,21.1,C,40,Yves Saint Laurent (marca),Yves Saint Laurent (entreprise),Saint Laurent (azienda),Yves Saint Laurent (Unternehmen),イヴ・サンローラン (ファッションブランド),圣罗兰,"en,es,fr,it,de,ja,zh",
Q127962,Levi's,privately held American clothing company,50,Levi Strauss & Co.,0,0.0,0,,2467.0,,False,False,False,True,0.0,0.0,0.0,0.07780862473700584,reddit,0.07780862473700584,0.82429714402402,0.18978190263005795,108,20.8,C,50,Levi Strauss & Co.,Levi Strauss & Co.,Levi Strauss (azienda),Levi Strauss & Co.,リーバイス,Levi's,"en,es,fr,it,de,ja,zh",
Q7679064,Talbots,American women's fashion company,6,Talbots,0,0.0,0,,12100.0,,False,False,False,True,0.0,0.0,0.0,0.1723200649580808,reddit,0.1723200649580808,0.2855449067967046,0.18930379123387436,109,20.8,C,5,,,,,タルボット,,"en,ja",
Q3146711,IKKS,French clothing-retail company,2,,0,0.0,0,,14958.0,,False,False,False,True,0.0,0.0,0.0,0.1915931284690385,reddit,0.1915931284690385,0.164859428804804,0.18758307351940334,110,20.6,C,1,,IKKS,,,,,fr,
Q938773,DKNY,New York-based fashion house,27,DKNY,0,0.0,0,,5085.0,,False,False,False,True,0.0,0.0,0.0,0.11170912321802559,reddit,0.11170912321802559,0.6057322197876915,0.18581258770347547,111,20.4,C,26,DKNY,DKNY,DKNY,,DKNY,DKNY,"en,es,fr,it,ja,zh",
Q3943471,Scarpa,Italian footwear company,5,Scarpa (company),0,0.0,0,,11988.0,,False,False,False,True,0.0,0.0,0.0,0.17152069652927499,reddit,0.17152069652927499,0.26066564438877554,0.18489243870820007,112,20.3,C,4,,,SCARPA (azienda),Scarpa (Unternehmen),,,"en,it,de",
Q11297188,Kapital,Japanese fashion brand,2,,0,0.0,0,,14137.0,,False,False,False,True,0.0,0.0,0.0,0.1862609413450582,reddit,0.1862609413450582,0.164859428804804,0.18305071446402008,113,20.1,C,2,,,,,キャピタル (アパレル),,ja,
Q1684445,Superdry,British branded clothing company,15,Superdry & Co,0,0.0,0,,1627.0,1.58,False,False,True,True,0.0,0.0,0.13949519863878407,0.06318833922443715,trends+reddit,0.13472601992538738,0.4514861398690405,0.18224003791693535,114,20.0,C,14,Superdry,Superdry,Superdry,Superdry,スーパーグループ (服飾企業),Superdry,"en,es,fr,it,de,ja,zh",
Q2832297,ALDO,Canadian premium shoe retailer,8,Aldo (brand),0,0.0,0,,9932.0,,False,False,False,True,0.0,0.0,0.0,0.15612107029668434,reddit,0.15612107029668434,0.329718857609608,0.1821607383936229,115,20.0,C,7,,Aldo (entreprise),,,,,"en,fr",
Q827258,Bershka,Spanish clothing retailer,36,Bershka,0,0.0,0,,3338.0,,False,False,False,True,0.0,0.0,0.0,0.09050786714334423,reddit,0.09050786714334423,0.6994393203025066,0.18184758511721857,116,20.0,C,35,Bershka,Bershka,Bershka,Bershka,ベルシュカ,,"en,es,fr,it,de,ja",
Q1060537,Forever 21,Canadian clothing store chain owned by YM Inc and former American fast fashion retailer,25,Forever 21,0,0.0,0,,5018.0,,False,False,False,True,0.0,0.0,0.0,0.11097074278331456,reddit,0.11097074278331455,0.5828661002520887,0.18175504640363066,117,20.0,C,24,Forever 21,Forever 21,Forever 21,Forever 21,FOREVER 21,Forever 21,"en,es,fr,it,de,ja,zh",
Q844805,Dillard's,"department store (clothes, shoes, accessories)",11,Dillard's,0,0.0,0,,8611.0,,False,False,False,True,0.0,0.0,0.0,0.145368382838595,reddit,0.145368382838595,0.3866296315107707,0.18155757013942134,118,19.9,C,10,,,,Dillard’s,,,"en,de",
Q105476592,Tom Ford,luxury fashion house,6,Tom Ford (brand),0,0.0,0,,10554.0,,False,False,False,True,0.0,0.0,0.0,0.16093544656362319,reddit,0.16093544656362319,0.2855449067967046,0.1796268655985854,119,19.7,C,6,,,,Tom Ford (Unternehmen),,,"en,de",
Q1130409,Vertu,British manufacturer and retailer of luxury mobile phones,28,Vertu,0,0.0,0,,4079.0,,False,False,False,True,0.0,0.0,0.0,0.10005067365958466,reddit,0.10005067365958466,0.6168474995668276,0.1775701975456711,120,19.5,C,27,Vertu,Vertu (marque),Vertu,Vertu,Vertu,威圖,"en,es,fr,it,de,ja,zh",
Q2735242,Old Navy,American clothing and accessories retailer,20,Old Navy,0,0.0,0,,5553.0,,False,False,False,True,0.0,0.0,0.0,0.11673658954006216,reddit,0.11673658954006215,0.5213312887775511,0.17742579442568548,121,19.5,C,19,Old Navy,Old Navy,Old Navy,,オールド・ネイビー,老海軍,"en,es,fr,it,ja,zh",
Q115804691,Volcano,Polish clothing company,1,Volcano (brand),0,0.0,0,,14400.0,,False,False,False,True,0.0,0.0,0.0,0.18798552540881544,reddit,0.18798552540881544,0.11657322005041776,0.17727367960505577,122,19.5,C,1,,,,,,,en,
Q5618229,Gump's,luxury American home furnishings and décor retailer founded in 1861,2,Gump's,0,0.0,0,,13100.0,,False,False,False,True,0.0,0.0,0.0,0.17929939012303556,reddit,0.17929939012303556,0.164859428804804,0.17713339592530083,123,19.5,C,1,,,,,,,en,
Q1341990,Strauss,"Retailer for Workwear, Safety Footwear & Personal Protective Equipment",10,Strauss (company),0,0.0,0,,8226.0,,False,False,False,True,0.0,0.0,0.0,0.14208149465093695,reddit,0.14208149465093695,0.36863688953932866,0.1760648038841957,124,19.3,C,9,Engelbert Strauss,Engelbert Strauss,,Strauss (Unternehmen),,,"en,es,fr,de",
Q119149859,Kapital,Japanese denim and fashion brand,1,Kapital (brand),0,0.0,0,,14137.0,,False,False,False,True,0.0,0.0,0.0,0.1862609413450582,reddit,0.1862609413450582,0.11657322005041776,0.17580778315086212,125,19.3,C,1,,,,,,,en,
Q5437186,Fat Face,"lifestyle clothing and accessories retailer, based in the UK",4,FatFace,0,0.0,0,,11179.0,,False,False,False,True,0.0,0.0,0.0,0.16563215125759062,reddit,0.16563215125759062,0.23314644010083552,0.17575929458407735,126,19.3,C,3,,Fat Face,,,,,"en,fr",
Q42306166,Snipes,German multinational shoe store chain,3,,0,0.0,0,,11700.0,,False,False,False,True,0.0,0.0,0.0,0.16944786272663065,reddit,0.16944786272663065,0.2019107399292305,0.17431729430702061,127,19.1,C,2,,Snipes,,Snipes (Unternehmen),,,"fr,de",
Q894874,Bottega Veneta,Italian fashion company,39,Bottega Veneta,0,0.0,0,,2359.0,,False,False,False,True,0.0,0.0,0.0,0.07608641731767887,reddit,0.07608641731767887,0.7279995258817149,0.17387338360228427,128,19.1,C,38,Bottega Veneta,Bottega Veneta,Bottega Veneta,Bottega Veneta,ボッテガ・ヴェネタ,宝缇嘉,"en,es,fr,it,de,ja,zh",
Q1548951,Moncler,Italian luxury fashion company,22,Moncler,0,0.0,0,,4723.0,,False,False,False,True,0.0,0.0,0.0,0.1076594451640758,reddit,0.10765944516407579,0.546776868497844,0.17352705866414103,129,19.1,C,21,Moncler,Moncler,Moncler,Moncler,モンクレール,盟可睐,"en,es,fr,it,de,ja,zh",
Q4936481,Boden,British clothing retailer,2,Boden (clothing),0,0.0,0,,12384.0,,False,False,False,True,0.0,0.0,0.0,0.17433060453166685,reddit,0.17433060453166685,0.164859428804804,0.17290992817263742,130,19.0,C,1,,,,,,,en,
Q539507,Icebreaker,clothing company,4,Icebreaker (clothing),0,0.0,0,,10696.0,,False,False,False,True,0.0,0.0,0.0,0.1620144913433438,reddit,0.1620144913433438,0.23314644010083552,0.17268428365696759,131,19.0,C,4,,,,Icebreaker (Unternehmen),,,"en,de",
Q3160437,Jaeger,fashion brand,8,Jaeger (clothing),0,0.0,0,,8533.0,,False,False,False,True,0.0,0.0,0.0,0.14470849851071,reddit,0.14470849851071,0.329718857609608,0.17246005237554468,132,18.9,C,7,,Jaeger (entreprise),,,イエーガー,,"en,fr,ja",
Q883965,KiK,German multinational discount chain of clothing and housewares stores,11,KiK,0,0.0,0,,7162.0,,False,False,False,True,0.0,0.0,0.0,0.13257459920431008,reddit,0.13257459920431008,0.3866296315107707,0.17068285405027916,133,18.7,C,10,,,,KiK,,,"en,de",
Q13882231,Alexander McQueen,British luxury fashion house,34,Alexander McQueen (fashion house),0,0.0,0,,2544.0,,False,False,False,True,0.0,0.0,0.0,0.07901357607928536,reddit,0.07901357607928536,0.6797328383412016,0.1691214654185728,134,18.6,C,33,Alexander McQueen (marca),Alexander McQueen (marque),Alexander McQueen (azienda),,,,"en,es,fr,it",
Q25351738,Joules,British fashion company,3,Joules (clothing),0,0.0,0,,10620.0,,False,False,False,True,0.0,0.0,0.0,0.16143787148739586,reddit,0.16143787148739586,0.2019107399292305,0.16750880175367103,135,18.4,C,2,,,,,,,en,
Q966905,Loewe,"fashion house specialising in leather goods, clothing, perfumes and other fashion accessories",21,Loewe (fashion brand),0,0.0,0,,4200.0,,False,False,False,True,0.0,0.0,0.0,0.10152378710237459,reddit,0.1015237871023746,0.5342056048857832,0.1664260597698859,136,18.3,C,20,Loewe,Loewe (marque de prêt-à-porter),Loewe (moda),Loewe (Madrid),ロエベ,罗意威,"en,es,fr,it,de,ja,zh",
Q1126126,Dr. Martens,footwear brand,34,Dr. Martens,0,0.0,0,,2126.0,,False,False,False,True,0.0,0.0,0.0,0.07223119411375432,reddit,0.07223119411375432,0.6797328383412016,0.16335644074787142,137,17.9,C,32,Dr. Martens,Dr. Martens,Dr. Martens,Dr. Martens,ドクターマーチン,馬汀大夫,"en,es,fr,it,de,ja,zh",
Q1726925,Maison Margiela,French fashion house,15,Maison Margiela,0,0.0,0,,5141.0,,False,False,False,True,0.0,0.0,0.0,0.11232255309943236,reddit,0.11232255309943236,0.4514861398690405,0.16319709111487357,138,17.9,C,14,,Maison Margiela,Maison Margiela,Maison Margiela,マルタン・マルジェラ,,"en,fr,it,de,ja",
Q5499945,Free People,American bohemian apparel and lifestyle retail company,2,Free People,0,0.0,0,,10672.0,,False,False,False,True,0.0,0.0,0.0,0.16183262282052518,reddit,0.16183262282052518,0.164859428804804,0.162286643718167,139,17.8,C,2,,,,,,,en,
Q1355904,Zegna,Italian luxury fashion house,20,Zegna,0,0.0,0,,3925.0,,False,False,False,True,0.0,0.0,0.0,0.09814382842028872,reddit,0.09814382842028872,0.5213312887775511,0.1616219474738781,140,17.8,C,19,Ermenegildo Zegna,Ermenegildo Zegna,Zegna,Ermenegildo Zegna,エルメネジルド・ゼニア,杰尼亚,"en,es,fr,it,de,ja,zh",
Q3650853,Marni,Italian luxury fashion house,11,Marni (brand),0,0.0,0,,6027.0,,False,False,False,True,0.0,0.0,0.0,0.12161685271300965,reddit,0.12161685271300963,0.3866296315107707,0.1613687695326738,141,17.7,C,10,,Marni,Marni,Marni,マルニ (ファッションブランド),,"en,fr,it,de,ja",
Q658961,Piaget,Swiss luxury watchmaker and jeweller,27,Piaget SA,0,0.0,0,,2797.0,,False,False,False,True,0.0,0.0,0.0,0.08284940574442794,reddit,0.08284940574442794,0.6057322197876915,0.16128182785091746,142,17.7,C,26,Piaget SA,Piaget (entreprise),Piaget (azienda),Piaget (Unternehmen),ピアジェ (ブランド),伯爵表,"en,es,fr,it,de,ja,zh",
Q25351619,Aerie,intimate apparel brand of American Eagle Outfitters,4,Aerie (clothing retailer),0,0.0,0,,12872.0,1.71,False,False,True,True,0.0,0.0,0.14512050177941,0.1777322259296497,trends+reddit,0.14715873453879996,0.23314644010083552,0.16005689037310528,143,17.6,C,3,,,,,,,en,
Q108582148,Good American,clothing line by Emma Grede and Khloé Kardashian,1,Good American,0,0.0,0,,11388.0,,False,False,False,True,0.0,0.0,0.0,0.16717329162006248,reddit,0.16717329162006248,0.11657322005041776,0.15958328088461576,144,17.5,C,1,,,,,,,en,
Q4112833,Caleres,American footwear company,6,Caleres,0,0.0,0,,7674.0,,False,False,False,True,0.0,0.0,0.0,0.13723157948514303,reddit,0.13723157948514303,0.2855449067967046,0.15947857858187725,145,17.5,C,6,,,,Caleres,,,"en,de",
Q1686544,Loro Piana,Italian Luxury Company,30,Loro Piana,0,0.0,0,,2270.0,,False,False,False,True,0.0,0.0,0.0,0.07463732967310087,reddit,0.07463732967310087,0.6384978222262733,0.15921640355607675,146,17.5,C,30,Loro Piana,Loro Piana,Loro Piana,Loro Piana,ロロピアーナ,诺悠翩雅,"en,es,fr,it,de,ja,zh",
Q788231,Massimo Dutti,multinational clothing retailer from Spain,33,Massimo Dutti,0,0.0,0,,1839.0,,False,False,False,True,0.0,0.0,0.0,0.06717907646243454,reddit,0.06717907646243454,0.6696621654882878,0.15755153981631254,147,17.3,C,32,Massimo Dutti,Massimo Dutti,,Massimo Dutti,,Massimo Dutti,"en,es,fr,de,zh",
Q1151774,Max Mara,Italian fashion company,26,Max Mara,0,0.0,0,,2629.0,,False,False,False,True,0.0,0.0,0.0,0.0803227294002172,reddit,0.0803227294002172,0.5944091237994258,0.15743568856009849,148,17.3,C,25,Max Mara,Max Mara,Max Mara,Max Mara,マックスマーラ,麥絲瑪拉,"en,es,fr,it,de,ja,zh",
Q18712957,Farfetch,online luxury fashion marketplace,12,Farfetch,0,0.0,0,,5227.0,,False,False,False,True,0.0,0.0,0.0,0.11325813725622384,reddit,0.11325813725622383,0.403821479858461,0.1568426386465594,149,17.2,C,11,Farfetch,Farfetch,Farfetch,Farfetch,Farfetch,Farfetch,"en,es,fr,it,de,ja,zh",
Q16908664,Hoka,"American owned athletic shoe company, originally founded in France",16,Hoka,0,0.0,0,,5158.0,0.83,False,False,True,True,0.0,0.0,0.10110433158757554,0.11250811110967734,trends+reddit,0.1018170678077069,0.46629288020167103,0.1564884396668015,150,17.2,C,15,Hoka,Hoka One One,Hoka,Hoka (Marke),ホカ (靴),Hoka One One,"en,es,fr,it,de,ja,zh",
Q9171569,Big Star,Polish denim brand,2,,0,0.0,0,,7178.0,1.97,False,False,True,True,0.0,0.0,0.15576283004483316,0.13272260326848936,trends+reddit,0.15432281587131166,0.164859428804804,0.15590330781133552,151,17.1,C,2,,,,Big Star (Modemarke),,,de,
Q2842931,American Eagle Outfitters,"American clothing, shoes, and accessories retailer",20,American Eagle Outfitters,0,0.0,0,,3395.0,,False,False,False,True,0.0,0.0,0.0,0.09127735648003485,reddit,0.09127735648003485,0.5213312887775511,0.1557854463246623,152,17.1,C,18,American Eagle Outfitters,American Eagle Outfitters,,American Eagle Outfitters,アメリカン・イーグル・アウトフィッターズ,美鷹傲飛,"en,es,fr,de,ja,zh",
Q3866987,Mulberry,"fashion company founded in England in 1971, known internationally for its leather goods, in particular women's handbags",9,Mulberry Group,0,0.0,0,,5966.0,,False,False,False,True,0.0,0.0,0.0,0.12099983804380249,reddit,0.12099983804380249,0.3497196601512533,0.1553078113599201,153,17.1,C,8,Mulberry (marca),,Mulberry (azienda),,,,"en,es,it",
Q6063877,Koton,Turkish multinational clothing retailer,8,Koton (company),0,0.0,0,,2877.0,1.23,False,False,True,True,0.0,0.0,0.12307880527168585,0.08402588501831845,trends+reddit,0.12063799775585038,0.329718857609608,0.15200012673391403,154,16.7,C,7,,,,,,,en,
Q1422481,Fjällräven,Swedish outdoors clothing and equipment manufacturer and retail chain,23,Fjällräven,0,0.0,0,,2526.0,,False,False,False,True,0.0,0.0,0.0,0.07873355071145324,reddit,0.07873355071145324,0.5590655234918638,0.1507833466285148,155,16.6,C,22,,Fjällräven,Fjällräven,Fjällräven,フェールラーベン,北極狐 (品牌),"en,fr,it,de,ja,zh",
Q11815580,Pepco,European discount chain of clothing and housewares stores,20,Pepco (retailer),0,0.0,0,,2918.0,,False,False,False,True,0.0,0.0,0.0,0.08462249157331886,reddit,0.08462249157331886,0.5213312887775511,0.1501288111539537,156,16.5,C,19,Pepco,Pepco,Pepco Group,Pepco Group,,,"en,es,fr,it,de",
Q950042,Stone Island,Italian brand,20,Stone Island,0,0.0,0,,2858.0,,False,False,False,True,0.0,0.0,0.0,0.08374796767322955,reddit,0.08374796767322955,0.5213312887775511,0.1493854658388778,157,16.4,C,18,,Stone Island,Stone Island,Stone Island,ストーンアイランド,Stone Island,"en,fr,it,de,ja,zh",
Q15263093,IRFE,French fashion house from the beginning of the 20th century,3,IRFĒ,0,0.0,0,,7902.0,,False,False,False,True,0.0,0.0,0.0,0.13925528202754672,reddit,0.13925528202754672,0.2019107399292305,0.1486536007127993,158,16.3,C,3,,Irfe,,,,,"en,fr",
Q6981479,Nautica,American clothing company,11,Nautica,0,0.0,0,,4524.0,,False,False,False,True,0.0,0.0,0.0,0.10536696302580292,reddit,0.10536696302580292,0.3866296315107707,0.14755636329854807,159,16.2,C,10,Nautica (ropa),,,,ノーティカ (ブランド),諾帝卡,"en,es,ja,zh",
Q3128675,Havaianas,flip-flop brand,15,Havaianas,0,0.0,0,,3498.0,,False,False,False,True,0.0,0.0,0.0,0.09265163062057191,reddit,0.09265163062057191,0.4514861398690405,0.1464768070078422,160,16.1,C,14,Havaianas,Havaianas,Havaianas,,ハワイアナス,哈瓦仕,"en,es,fr,it,ja,zh",
Q63335,Foot Locker,American sportswear and footwear retailer,20,Foot Locker,0,0.0,0,,2624.0,,False,False,False,True,0.0,0.0,0.0,0.08024631160211565,reddit,0.08024631160211565,0.5213312887775511,0.14640905817843097,161,16.1,C,20,Foot Locker,Foot Locker,Foot Locker,Foot Locker,フット・ロッカー,Foot Locker,"en,es,fr,it,de,ja,zh",
Q29109956,Vetements,Swiss clothing company,12,Vetements,0,0.0,0,,4056.0,,False,False,False,True,0.0,0.0,0.0,0.09976820019412999,reddit,0.09976820019412999,0.403821479858461,0.14537619214377964,162,16.0,C,12,Vetements,Vetements,Vetements,Vetements,ヴェトモン,,"en,es,fr,it,de,ja",
Q3497483,Emporio Armani,fashion line by Armani,5,,0,0.0,0,,2454.0,1.32,False,False,True,True,0.0,0.0,0.1275022009865162,0.07760334540995535,trends+reddit,0.12438352251298114,0.26066564438877554,0.1448258407943503,163,15.9,C,5,Emporio Armani,,,,,,es,
Q1568588,Juicy Couture,American contemporary casual wear and dress clothing company,9,Juicy Couture,0,0.0,0,,4774.0,,False,False,False,True,0.0,0.0,0.0,0.1082391496876927,reddit,0.1082391496876927,0.3497196601512533,0.1444612262572268,164,15.9,C,8,,Juicy Couture,,Juicy Couture,,,"en,fr,de",
Q593680,Borsalino,Italian hat company,27,Borsalino,0,0.0,0,,1611.0,,False,False,False,True,0.0,0.0,0.0,0.06287687293243181,reddit,0.06287687293243181,0.6057322197876915,0.14430517496072076,165,15.9,C,26,Borsalino,Borsalino (entreprise),Borsalino,Borsalino,ボルサリーノ,Borsalino,"en,es,fr,it,de,ja,zh",
Q934096,Red Wing Shoes,"American footwear company based in Red Wing, Minnesota",9,Red Wing Shoes,0,0.0,0,,565.0,1.03,False,False,True,True,0.0,0.0,0.11262876669145408,0.037236374406008535,trends+reddit,0.10791674217361373,0.3497196601512533,0.14418717987025967,166,15.8,C,8,,Red Wing Shoes,,Red Wing Shoes,レッドウィング,,"en,fr,de,ja",
Q25351941,The Row,Fashion house based in New York City,3,The Row (fashion label),0,0.0,0,,7279.0,,False,False,False,True,0.0,0.0,0.0,0.133653096245503,reddit,0.133653096245503,0.2019107399292305,0.14389174279806213,167,15.8,C,2,,,,,,,en,
Q47155680,Kari,Russian chain of shoe and accessory stores,2,,0,0.0,0,,8003.0,,False,False,False,True,0.0,0.0,0.0,0.14014240718004115,reddit,0.14014240718004115,0.164859428804804,0.14384996042375556,168,15.8,C,1,,,,,,,,
Q1400977,Missoni,Italian fashion house,21,Missoni,0,0.0,0,,2244.0,,False,False,False,True,0.0,0.0,0.0,0.07420866021857843,reddit,0.07420866021857843,0.5342056048857832,0.14320820191865913,169,15.7,C,21,Missoni,Missoni,Missoni (azienda),Missoni,ミッソーニ,米索尼,"en,es,fr,it,de,ja,zh",
Q3410623,Puig,multinational fashion and beauty company,17,Puig (company),0,0.0,0,,2774.0,,False,False,False,True,0.0,0.0,0.0,0.08250806325713952,reddit,0.08250806325713952,0.4806436993862429,0.14222840867650502,170,15.6,C,17,Puig (empresa),Puig (entreprise),Puig (azienda),Puig (Unternehmen),,普伊格公司,"en,es,fr,it,de,zh",
Q4766699,Ann Taylor,American clothing company,5,Ann Inc.,0,0.0,0,,2022.0,1.25,False,False,True,True,0.0,0.0,0.12407541105784145,0.07044233447238946,trends+reddit,0.12072334377125069,0.26066564438877554,0.14171468886387942,171,15.6,C,4,,,,,,,en,
Q83750,Desigual,clothing brand headquartered in Barcelona,20,Desigual,0,0.0,0,,2244.0,,False,False,False,True,0.0,0.0,0.0,0.07420866021857843,reddit,0.07420866021857843,0.5213312887775511,0.14127705450242434,172,15.5,C,19,Desigual,Desigual,Desigual,Desigual,デシグアル,,"en,es,fr,it,de,ja",
Q866899,Lanvin,French multinational high fashion house,24,Lanvin,0,0.0,0,,1726.0,,False,False,False,True,0.0,0.0,0.0,0.065082400067643,reddit,0.065082400067643,0.5710898135934092,0.14098351209650792,173,15.5,C,23,Lanvin,Lanvin,Lanvin,Lanvin (Unternehmen),ランバン,浪凡,"en,es,fr,it,de,ja,zh",
Q1371677,Etro,Italian fashion house founded in 1968,14,Etro,0,0.0,0,,3169.0,,False,False,False,True,0.0,0.0,0.0,0.08818694219906699,reddit,0.08818694219906699,0.4361770499016697,0.1403854583544574,174,15.4,C,13,Etro,Etro,Etro,Etro,エトロ,,"en,es,fr,it,de,ja",
Q2422884,American Vintage,French ready-to-wear clothing brand,1,,0,0.0,0,,,1.69,False,False,True,False,0.0,0.0,0.14426934780001255,0.0,trends,0.14426934780001255,0.11657322005041776,0.14011492863757333,175,15.4,C,1,,American Vintage,,,,,fr,
Q3197595,Kiton,Italian men's luxury fashion house,22,Kiton,0,0.0,0,,1899.0,,False,False,False,True,0.0,0.0,0.0,0.06826618712822435,reddit,0.06826618712822435,0.546776868497844,0.14004278933366732,176,15.4,C,21,Kiton,Kiton,Kiton,Kiton,,Kiton,"en,es,fr,it,de,zh",
Q7131643,Pantaloons,Indian clothing retail company,4,Aditya Birla Fashion and Retail,0,0.0,0,,6092.0,,False,False,False,True,0.0,0.0,0.0,0.12227090081885664,reddit,0.12227090081885664,0.23314644010083552,0.13890223171115346,177,15.3,C,4,,,,,,,en,
Q6192383,Jigsaw,clothing retailer,3,Jigsaw (clothing retailer),0,0.0,0,,7028.0,1.32,False,False,True,True,0.0,0.0,0.1275022009865162,0.13132851724459743,trends+reddit,0.12774134575264628,0.2019107399292305,0.1388667548791339,178,15.3,C,2,,,,,,,en,
Q4115012,Giordano,"Hong Kong-based retailer of men's, women's and children's quality apparel",13,Giordano International,0,0.0,0,,3205.0,,False,False,False,True,0.0,0.0,0.0,0.08868643170648852,reddit,0.08868643170648852,0.420310722237728,0.13843007528617443,179,15.2,C,12,,,,,ジョルダーノ (アパレル),佐丹奴,"en,ja,zh",
Q3835099,Liu·Jo,Italian fashion company founded by Marchi brothers in 1995,5,Liu Jo,0,0.0,0,,0.0,1.25,False,False,True,True,0.0,0.0,0.12407541105784145,0.0,trends+reddit,0.11632069786672634,0.26066564438877554,0.1379724398450337,180,15.2,C,4,,,Liu Jo,,,,"en,it",
Q1629990,CoverGirl,American cosmetics brand,12,CoverGirl,0,0.0,0,,3314.0,,False,False,False,True,0.0,0.0,0.0,0.09018190737928092,reddit,0.09018190737928092,0.403821479858461,0.13722784325115794,181,15.1,C,12,CoverGirl,,CoverGirl,CoverGirl,,,"en,es,it,de",
Q1115170,Comme des Garçons,Japanese fashion brand,24,Comme des Garçons,0,0.0,0,,1497.0,,False,False,False,True,0.0,0.0,0.0,0.06061136500252202,reddit,0.06061136500252202,0.5710898135934092,0.13718313229115509,182,15.1,C,23,Comme des Garçons,Comme des Garçons,Comme des Garçons,Comme des Garçons,コム・デ・ギャルソン,,"en,es,fr,it,de,ja",
Q136502973,Volt,,1,,0,0.0,0,,,1.6,False,False,True,False,0.0,0.0,0.14037530326001285,0.0,trends,0.14037530326001285,0.11657322005041776,0.13680499077857358,183,15.0,C,1,,,,,,,,
Q2707765,Viktor & Rolf,Dutch fashion house,14,Viktor & Rolf,0,0.0,0,,2689.0,,False,False,False,True,0.0,0.0,0.0,0.0812341359834684,reddit,0.0812341359834684,0.4361770499016697,0.13447557307119862,184,14.8,C,13,Viktor & Rolf,Viktor & Rolf,Viktor & Rolf,Viktor & Rolf,ヴィクター&ロルフ,维克托&罗夫,"en,es,fr,it,de,ja,zh",
Q5324709,EXR,Korea-based clothing company,3,EXR (clothing),0,0.0,0,,6059.0,,False,False,False,True,0.0,0.0,0.0,0.12193928403997054,reddit,0.12193928403997055,0.2019107399292305,0.13393500242335954,185,14.7,C,3,,,,,,,en,
Q3322945,Stradivarius,women's clothing fashion brand,23,Stradivarius (fashion retailer),0,0.0,0,,1294.0,,False,False,False,True,0.0,0.0,0.0,0.056352125653500285,reddit,0.056352125653500285,0.5590655234918638,0.1317591353292548,186,14.5,C,22,Stradivarius (Inditex),Stradivarius (vêtements),,,,,"en,es,fr",
Q3946053,Salvatore Ferragamo,Italian luxury goods company,21,Salvatore Ferragamo (company),0,0.0,0,,1452.0,,False,False,False,True,0.0,0.0,0.0,0.059693421534193054,reddit,0.05969342153419305,0.5342056048857832,0.13087024903693156,187,14.4,C,19,Salvatore Ferragamo S.p.A.,Ferragamo,Salvatore Ferragamo (azienda),Salvatore Ferragamo (Unternehmen),,菲拉格慕,"en,es,fr,it,de,zh",
Q1002252,Bugatti,German fashion business,2,,0,0.0,0,,6322.0,,False,False,False,True,0.0,0.0,0.0,0.12455765124897707,reddit,0.12455765124897707,0.164859428804804,0.1306029178823511,189,14.3,C,2,,,,Bugatti (Bekleidung),,,de,
Q10461856,Crocker,clothing brand,1,,0,0.0,0,,,1.43,False,False,True,False,0.0,0.0,0.132708498325364,0.0,trends,0.132708498325364,0.11657322005041776,0.13028820658412205,190,14.3,C,1,,,,,,,,
Q305404,Intimissimi,Italian lingerie retailer owned by Calzedonia,14,Intimissimi,0,0.0,0,,2368.0,,False,False,False,True,0.0,0.0,0.0,0.07623142067967775,reddit,0.07623142067967775,0.4361770499016697,0.13022326506297655,191,14.3,C,13,Intimissimi,,Intimissimi,Intimissimi,,,"en,es,it,de",
Q4791147,Aritzia,Canadian women's fashion brand,2,Aritzia,0,0.0,0,,6198.0,,False,False,False,True,0.0,0.0,0.0,0.12333006217973062,reddit,0.12333006217973062,0.164859428804804,0.12955946717349162,192,14.2,C,1,,,,,,,en,
Q1200698,Le Bon Marché,"luxury department store in the 7ᵗʰ arrondissement of Paris, France",31,Le Bon Marché,0,0.0,0,,573.0,,False,False,False,True,0.0,0.0,0.0,0.03749906813502343,reddit,0.03749906813502343,0.6490522202570581,0.12923204095332863,193,14.2,C,30,Le Bon Marché,Le Bon Marché,Le Bon Marché,Le Bon Marché,ボン・マルシェ百貨店,乐蓬马歇百货公司,"en,es,fr,it,de,ja,zh",
Q6702957,Lululemon,Canadian athletic apparel retailer,16,Lululemon,0,0.0,0,,1958.0,,False,False,False,True,0.0,0.0,0.0,0.06931855616784388,reddit,0.06931855616784388,0.46629288020167103,0.12886470477291795,194,14.2,C,16,,Lululemon Athletica,,Lululemon Athletica,ルルレモン・アスレティカ,露露柠檬,"en,fr,de,ja,zh",
Q2456205,True Religion,American clothing company,5,True Religion,0,0.0,0,,4531.0,,False,False,False,True,0.0,0.0,0.0,0.1054484488404655,reddit,0.1054484488404655,0.26066564438877554,0.128731028172712,195,14.1,C,5,,True Religion,,True Religion Apparel,,,"en,fr,de",
Q5113774,Chrome Hearts,American fashion brand,5,Chrome Hearts,0,0.0,0,,4459.0,,False,False,False,True,0.0,0.0,0.0,0.1046072778254177,reddit,0.1046072778254177,0.26066564438877554,0.12801603280992138,196,14.1,C,5,,,,,クロムハーツ,克羅心,"en,ja,zh",
Q821969,Berluti,luxury brand,25,Berluti,0,0.0,0,,920.0,,False,False,False,True,0.0,0.0,0.0,0.047515694148654516,reddit,0.047515694148654516,0.5828661002520887,0.12781825506416963,197,14.0,C,24,Berluti,Berluti,Berluti,Berluti,,,"en,es,fr,it,de",
Q431607,Wolford,Austrian lingerie company,11,Wolford,0,0.0,0,,2718.0,,False,False,False,True,0.0,0.0,0.0,0.08167100328641347,reddit,0.08167100328641347,0.3866296315107707,0.12741479752006704,198,14.0,C,10,Wolford,Wolford (entreprise),,Wolford,,,"en,es,fr,de",
Q1902277,Marmot,outdoor clothing and sporting goods company,9,Marmot (company),0,0.0,0,,3158.0,,False,False,False,True,0.0,0.0,0.0,0.08803375513288578,reddit,0.08803375513288578,0.3497196601512533,0.1272866408856409,199,14.0,C,8,,,,Marmot,マーモット (企業),,"en,de,ja",
Q743497,Neiman Marcus,American luxury specialty department store,13,Neiman Marcus,0,0.0,0,,2327.0,,False,False,False,True,0.0,0.0,0.0,0.07556859646623891,reddit,0.07556859646623891,0.420310722237728,0.12727991533196226,200,14.0,C,12,Neiman Marcus,Neiman Marcus,Neiman Marcus,Neiman Marcus,ニーマン・マーカス,尼曼 (百貨公司),"en,es,fr,it,de,ja,zh",
Q4828498,Avia,American shoe company,4,Avia (shoes),0,0.0,0,,4657.0,,False,False,False,True,0.0,0.0,0.0,0.10690457307004465,reddit,0.10690457307004465,0.23314644010083552,0.12584085312466328,201,13.8,C,4,Avia (zapatos),,,,,,"en,es",
Q604667,Emilio Pucci,"Italian noble, fashion designer and politician (1914-1992)",18,Emilio Pucci,0,0.0,0,,1482.0,,False,False,False,True,0.0,0.0,0.0,0.060306936332389836,reddit,0.06030693633238983,0.494578286414412,0.12544763884469315,202,13.8,C,17,Emilio Pucci,Emilio Pucci,Emilio Pucci,Emilio Pucci,エミリオ・プッチ,艾米利奧·普奇,"en,es,fr,it,de,ja,zh",
Q7827120,Torrid,American retail chain,4,Torrid Holdings,0,0.0,0,,4495.0,,False,False,False,True,0.0,0.0,0.0,0.10502870544975881,reddit,0.10502870544975881,0.23314644010083552,0.12424636564742031,203,13.6,C,4,,,,,,,en,
Q1027874,Oniverse,Italian lingerie company,20,Oniverse,0,0.0,0,,1193.0,,False,False,False,True,0.0,0.0,0.0,0.05410823733982672,reddit,0.05410823733982672,0.5213312887775511,0.12419169505548538,204,13.6,C,19,Calzedonia,Calzedonia,Oniverse,Oniverse,,,"en,es,fr,it,de",
Q1360940,Orbea,bicycle producer,18,Orbea,0,0.0,0,,1360.0,,False,False,False,True,0.0,0.0,0.0,0.057771363627804516,reddit,0.05777136362780452,0.494578286414412,0.12329240204579564,205,13.5,C,18,Orbea,Orbea,Orbea (azienda),Orbea (Unternehmen),オルベア,,"en,es,fr,it,de,ja",
Q5370765,J.Crew,"American multi-brand, multi-channel, specialty retailer",10,J.Crew,0,0.0,0,,2600.0,,False,False,False,True,0.0,0.0,0.0,0.07987848852771184,reddit,0.07987848852771184,0.36863688953932866,0.12319224867945436,206,13.5,C,9,,J.Crew,J.Crew,,J.クルー,,"en,fr,it,ja",
Q4773903,Anthropologie,American clothing retailer,3,Anthropologie,0,0.0,0,,4804.0,,False,False,False,True,0.0,0.0,0.0,0.10857870657018717,reddit,0.10857870657018719,0.2019107399292305,0.12257851157404367,207,13.5,C,2,,,,,,,en,
Q28042940,Orchestra,French business specializing in infant's clothing,1,,0,0.0,0,,,1.24,False,False,True,False,0.0,0.0,0.12357811281994456,0.0,trends,0.12357811281994457,0.11657322005041776,0.12252737890451554,208,13.5,C,1,,Orchestra Prémaman,,,,,fr,
Q7432952,Schuh,footwear retailer,2,Schuh,0,0.0,0,,5350.0,,False,False,False,True,0.0,0.0,0.0,0.11458296485797478,reddit,0.1145829648579748,0.164859428804804,0.12212443444999918,209,13.4,C,1,,,,,,,en,
Q4038967,Fred Perry,British clothing brand,12,Fred Perry (clothing label),0,0.0,0,,2127.0,,False,False,False,True,0.0,0.0,0.0,0.07224817969755497,reddit,0.07224817969755497,0.403821479858461,0.12198417472169087,210,13.4,C,10,Fred Perry (marca),Fred Perry (marque),,Fred Perry (Unternehmen),,,"en,es,fr,de",
Q8041451,X-Large,American clothing brand,5,X-Large (clothing brand),0,0.0,0,,3863.0,,False,False,False,True,0.0,0.0,0.0,0.09736559419676072,reddit,0.09736559419676072,0.26066564438877554,0.12186060172556293,211,13.4,C,5,,,,,X-Large,X-LARGE,"en,ja,zh",
Q794565,Aéropostale,American brand of clothing stores,13,Aéropostale (clothing brand),0,0.0,0,,1883.0,,False,False,False,True,0.0,0.0,0.0,0.06797799085619094,reddit,0.06797799085619094,0.420310722237728,0.12082790056342149,212,13.3,C,12,Aéropostale (empresa de ropa),Aéropostale (marque),,Aéropostale,,,"en,es,fr,de",
Q1660552,Patagonia,American clothing company,26,"Patagonia, Inc.",0,0.0,0,,545.0,,False,False,False,True,0.0,0.0,0.0,0.0365713856543301,reddit,0.0365713856543301,0.5944091237994258,0.12024704637609446,213,13.2,C,25,Patagonia (marca de ropa),Patagonia (entreprise),Patagonia (azienda),Patagonia (Unternehmen),パタゴニア (企業),巴塔哥尼亞 (公司),"en,es,fr,it,de,ja,zh",
Q3192653,Kangol,English clothing company,10,Kangol,0,0.0,0,,2368.0,,False,False,False,True,0.0,0.0,0.0,0.07623142067967775,reddit,0.07623142067967775,0.36863688953932866,0.12009224100862538,214,13.2,C,9,,Kangol,,Kangol,,坎戈爾袋鼠,"en,fr,de,zh",
Q6166759,Jay Jays,Australian apparel chain store,1,Jay Jays,0,0.0,0,,5909.0,,False,False,False,True,0.0,0.0,0.0,0.12042042607249119,reddit,0.12042042607249119,0.11657322005041776,0.11984334516918016,215,13.2,C,1,,,,,,,en,
Q125230974,James Perse,fashion label,1,James Perse,0,0.0,0,,,1.17,False,False,True,False,0.0,0.0,0.12003935330092916,0.0,trends,0.12003935330092917,0.11657322005041776,0.11951943331335246,216,13.1,C,1,,,,,,,en,
Q147505,Zappos,online shoe and clothing shop,14,Zappos,0,0.0,0,,1625.0,,False,False,False,True,0.0,0.0,0.0,0.06314948994979984,reddit,0.06314948994979984,0.4361770499016697,0.11910362394258033,217,13.1,C,13,,Zappos,Zappos,Zappos,Zappos.com,Zappos,"en,fr,it,de,ja,zh",
Q1066858,Tiffany & Co.,American multinational luxury jewelry and specialty retailer,46,Tiffany & Co.,0,0.0,0,,,,False,False,False,False,0.0,0.0,0.0,0.0,,,0.790638045577408,0.11859570683661119,218,13.0,C,46,Tiffany & Co.,Tiffany & Co.,Tiffany & Co.,Tiffany & Co.,ティファニー,蒂芙尼公司,"en,es,fr,it,de,ja,zh",
Q43452713,On,Swiss Performance Running Shoes & Clothing,14,On (company),0,0.0,0,,1561.0,,False,False,False,True,0.0,0.0,0.0,0.06189343926616465,reddit,0.06189343926616465,0.4361770499016697,0.11803598086149042,219,13.0,C,13,On (empresa),On (entreprise),,On AG,オン・ホールディング,On (運動鞋),"en,es,fr,de,ja,zh",
Q5206207,Designer Brands,footwear retailer,6,Designer Brands,0,0.0,0,,3094.0,,False,False,False,True,0.0,0.0,0.0,0.08713714355010402,reddit,0.08713714355010402,0.2855449067967046,0.1168983080370941,220,12.8,C,5,,,,,,,en,
Q2956351,Chantelle,lingerie brand,7,Chantelle (lingerie),0,0.0,0,,,0.56,False,False,True,False,0.0,0.0,0.08304714936630397,0.0,trends,0.08304714936630397,0.3084237497834138,0.11685363942887045,221,12.8,C,7,,Chantelle (marque),,Chantelle (Marke),,仙黛尔,"en,fr,de,zh",
Q48770898,Buck Mason,American men's clothing brand,2,Buck Mason,0,0.0,0,,4724.0,,False,False,False,True,0.0,0.0,0.0,0.10767084191900786,reddit,0.10767084191900787,0.164859428804804,0.11624912995187728,222,12.8,C,2,,,,,,,en,
Q55748823,garment factory,factory that makes clothes,3,,0,0.0,0,,4118.0,,False,False,False,True,0.0,0.0,0.0,0.10052783641200473,reddit,0.10052783641200473,0.2019107399292305,0.1157352719395886,223,12.7,C,2,,,,,,,,
Q5506939,Fuchsia,American fashion company,1,Fuchsia (clothing),0,0.0,0,,5385.0,,False,False,False,True,0.0,0.0,0.0,0.11495715794825749,reddit,0.11495715794825748,0.11657322005041776,0.11519956726358152,224,12.7,C,1,,,,,,,en,
Q1439858,Nina Ricci,French fashion house,13,Nina Ricci (brand),0,0.0,0,,1524.0,,False,False,False,True,0.0,0.0,0.0,0.06115551784814683,reddit,0.06115551784814682,0.420310722237728,0.115028798506584,225,12.6,C,12,,Nina Ricci (entreprise),Nina Ricci,,ニナ・リッチ,,"en,fr,it,ja",
Q1257477,Hollister Co.,American lifestyle brand owned by Abercrombie & Fitch Co.,24,Hollister Co.,0,0.0,0,,480.0,,False,False,False,True,0.0,0.0,0.0,0.03432130425028959,reddit,0.03432130425028959,0.5710898135934092,0.11483658065175752,226,12.6,C,23,Hollister Co.,Hollister (entreprise),Hollister Co.,Hollister (Modeunternehmen),ホリスター・カンパニー,霍利斯特,"en,es,fr,it,de,ja,zh",
Q4902942,Biba,fashion company,7,Biba,0,0.0,0,,2639.0,,False,False,False,True,0.0,0.0,0.0,0.08047534730222586,reddit,0.08047534730222586,0.3084237497834138,0.11466760767440404,227,12.6,C,6,,Biba (boutique),,,,,"en,fr",
Q3205965,LC Waikiki,Turkish clothing company and brand,18,LC Waikiki,0,0.0,0,,913.0,,False,False,False,True,0.0,0.0,0.0,0.04733458275773785,reddit,0.04733458275773785,0.494578286414412,0.11442113830623897,228,12.6,C,17,,LC Waikiki,,,LCワイキキ,,"en,fr,ja",
Q18385610,Stitch Fix,online clothing company,6,Stitch Fix,0,0.0,0,,2882.0,,False,False,False,True,0.0,0.0,0.0,0.08409886851598153,reddit,0.08409886851598153,0.2855449067967046,0.11431577425808997,229,12.6,C,5,,,,,スティッチ・フィックス,Stitch Fix,"en,ja,zh",
Q2670328,River Island,English fashion brand,11,River Island,0,0.0,0,,1700.0,,False,False,False,True,0.0,0.0,0.0,0.06459034811231489,reddit,0.06459034811231489,0.3866296315107707,0.11289624062208325,230,12.4,C,10,,,,,リバーアイランド,,"en,ja",
Q28401216,Sunski,,1,Sunski,0,0.0,0,,607.0,1.09,False,False,True,True,0.0,0.0,0.11586278545175008,0.03859557451807824,trends+reddit,0.11103358476839559,0.11657322005041776,0.11186453006069891,231,12.3,C,1,,,,,,,en,
Q25387414,Brandy Melville,Italian clothing brand,9,Brandy Melville,0,0.0,0,,1976.0,,False,False,False,True,0.0,0.0,0.0,0.0696364518510138,reddit,0.0696364518510138,0.3497196601512533,0.11164893309604972,232,12.3,C,8,,,,Brandy Melville,,Brandy Melville,"en,de,zh",
Q6915425,Moscot,American eyewear company based in New York City,5,Moscot,0,0.0,0,,2938.0,,False,False,False,True,0.0,0.0,0.0,0.08491199803504287,reddit,0.08491199803504287,0.26066564438877554,0.11127504498810278,233,12.2,C,4,,,,,,,en,
Q817139,Benetton,Italian multinational clothing retailer,40,Benetton Group,0,0.0,0,,0.0,,False,False,False,True,0.0,0.0,0.0,0.0,reddit,0.0,0.7372737790786573,0.11059106686179859,234,12.1,C,40,Benetton Group,Benetton,Benetton (azienda),Benetton Group,ベネトン,班尼顿,"en,es,fr,it,de,ja,zh",
Q482539,Fila,South Korean clothing and consumer goods manufacturer,40,Fila,0,0.0,0,,0.0,,False,False,False,True,0.0,0.0,0.0,0.0,reddit,0.0,0.7372737790786573,0.11059106686179859,235,12.1,C,39,Fila (marca),Fila,Fila (azienda),Fila,フィラ,斐乐,"en,es,fr,it,de,ja,zh",
Q104890420,Just Over the Top,French down jacket brand and chain of clothing stores,1,,0,0.0,0,,4854.0,,False,False,False,True,0.0,0.0,0.0,0.1091422871577354,reddit,0.1091422871577354,0.11657322005041776,0.11025692709163776,236,12.1,C,1,,JOTT,,,,,fr,
Q2551058,DSQUARED2,Canadian-Italian fashion house,10,Dsquared²,0,0.0,0,,1644.0,,False,False,False,True,0.0,0.0,0.0,0.06351759870016531,reddit,0.06351759870016531,0.36863688953932866,0.1092854923260398,237,12.0,C,9,,,Dsquared²,Dsquared2,,,"en,it,de",
Q948531,Celine,French luxury fashion house,39,Celine (brand),0,0.0,0,,0.0,,False,False,False,True,0.0,0.0,0.0,0.0,reddit,0.0,0.7279995258817149,0.10919992888225723,238,12.0,C,38,Celine (casa de moda),Celine (marque),Celine (azienda),Céline (Modemarke),セリーヌ (ファッションブランド),思琳,"en,es,fr,it,de,ja,zh",
Q47545942,Quooker,Dutch high-tech water purification system,5,Quooker,0,0.0,0,,1741.0,0.56,False,False,True,True,0.0,0.0,0.08304714936630397,0.06536459130320305,trends+reddit,0.08194198948736016,0.26066564438877554,0.10875053772257245,239,11.9,C,4,,,,,,,en,
Q11993725,Oleana,Norwegian textile manufacturer,3,Oleana (clothing),0,0.0,0,,3462.0,,False,False,False,True,0.0,0.0,0.0,0.09217363105705897,reddit,0.09217363105705897,0.2019107399292305,0.10863419738788471,240,11.9,C,2,,,,,,,en,
Q6131944,L.L.Bean,American outdoor clothing retailer,6,L.L.Bean,0,0.0,0,,2441.0,,False,False,False,True,0.0,0.0,0.0,0.07739752162808237,reddit,0.07739752162808237,0.2855449067967046,0.1086196294033757,241,11.9,C,6,L.L.Bean,,L.L.Bean,,L・L・ビーン,,"en,es,it,ja",
Q6316068,Just Jeans,Australian clothing retail brand,1,,0,0.0,0,,4643.0,,False,False,False,True,0.0,0.0,0.0,0.10674376240385113,reddit,0.10674376240385113,0.11657322005041776,0.10821818105083611,242,11.9,C,0,,,,,,,,
Q688082,Bata,footwear and fashion accessory company,34,Bata Corporation,0,0.0,0,,20.0,,False,False,False,True,0.0,0.0,0.0,0.007005806893335421,reddit,0.007005806893335421,0.6797328383412016,0.10791486161051535,243,11.9,C,34,Bata (empresa),Bata (entreprise),Bata (azienda),Bata (Konzern),,拔佳鞋業,"en,es,fr,it,de,zh",
Q3327046,OYSHO,clothing retailer of women's sportswear and leisure wear,20,Oysho,0,0.0,0,,495.0,,False,False,False,True,0.0,0.0,0.0,0.03485344922831851,reddit,0.03485344922831851,0.5213312887775511,0.1078251251607034,244,11.8,C,19,Oysho,Oysho,,,,,"en,es,fr",
Q1361595,Erreà,Italian sports equipment company supplier,29,Erreà,0,0.0,0,,99.0,,False,False,False,True,0.0,0.0,0.0,0.015586936344971554,reddit,0.015586936344971554,0.627766002069856,0.10741379620370423,245,11.8,C,28,Erreà,Erreà,Erreà,Erreà,,埃雷亚,"en,es,fr,it,de,zh",
Q634881,Tommy Hilfiger B.V.,American multinational corporation that designs and manufactures apparel,37,Tommy Hilfiger (company),0,0.0,0,,0.0,,False,False,False,True,0.0,0.0,0.0,0.0,reddit,0.0,0.7090872149588902,0.10636308224383352,246,11.7,C,35,Tommy Hilfiger (empresa),Tommy Hilfiger (entreprise),Tommy Hilfiger (azienda),Tommy Hilfiger Corporation,トミーヒルフィガー,汤美费格,"en,es,fr,it,de,ja,zh",
Q1641437,Ralph Lauren,American fashion and lifestyle company,24,Ralph Lauren Corporation,0,0.0,0,,233.0,,False,False,False,True,0.0,0.0,0.0,0.023912287576497694,reddit,0.023912287576497694,0.5710898135934092,0.10598891647903441,247,11.6,C,23,Ralph Lauren Corporation,Polo Ralph Lauren,Ralph Lauren Corporation,Ralph Lauren Corporation,,拉夫·劳伦马球,"en,es,fr,it,de,zh",
Q546542,A.P.C.,Clothing brand,5,A.P.C.,0,0.0,0,,2502.0,,False,False,False,True,0.0,0.0,0.0,0.07835862691089561,reddit,0.07835862691089561,0.26066564438877554,0.10570467953257759,248,11.6,C,4,,Atelier de production et de création,,,,,"en,fr",
Q3196299,Kiabi,French clothing retailer,11,,0,0.0,0,,1257.0,,False,False,False,True,0.0,0.0,0.0,0.05554063021562214,reddit,0.05554063021562214,0.3866296315107707,0.10520398040989443,249,11.6,C,10,,Kiabi,Kiabi,Kiabi,,Kiabi,"fr,it,de,zh",
Q4850707,Baleno,Hong Kong clothing retailer,4,Baleno (clothing retailer),0,0.0,0,,2767.0,,False,False,False,True,0.0,0.0,0.0,0.08240389576266882,reddit,0.08240389576266882,0.23314644010083552,0.10501527741339382,250,11.5,C,3,,,,,,班尼路,"en,zh",
Q1422386,K-Swiss,American footwear company,15,K-Swiss,0,0.0,0,,783.0,,False,False,False,True,0.0,0.0,0.0,0.043835306299552006,reddit,0.043835306299552006,0.4514861398690405,0.10498293133497529,251,11.5,C,14,K-Swiss,K-Swiss,,K-Swiss,,盖世威,"en,es,fr,de,zh",
Q137023,Primark,Irish clothing retailer,36,Primark,0,0.0,0,,,,False,False,False,False,0.0,0.0,0.0,0.0,,,0.6994393203025066,0.10491589804537597,252,11.5,C,35,Primark,Primark,Primark,Primark,プライマーク,普利马克,"en,es,fr,it,de,ja,zh",
Q138543842,Matières Fécales,fashion brand,4,Matières Fécales,0,0.0,0,,2718.0,,False,False,False,True,0.0,0.0,0.0,0.08167100328641347,reddit,0.08167100328641347,0.23314644010083552,0.10439231880857677,253,11.5,C,3,Matières Fécales,Matières Fécales (marque de vêtements),,,,,"en,es,fr",
Q420765,Akris,Swiss fashion house specializing in luxury goods for women,9,Akris,0,0.0,0,,1519.0,,False,False,False,True,0.0,0.0,0.0,0.061055114697446344,reddit,0.06105511469744635,0.3497196601512533,0.10435479651551738,254,11.5,C,8,,,,Akris,アクリス (スイスの企業),,"en,de,ja",
Q3073195,Furla,Italian fashion company,11,Furla,0,0.0,0,,1205.0,,False,False,False,True,0.0,0.0,0.0,0.054379685050200896,reddit,0.0543796850502009,0.3866296315107707,0.10421717701928637,255,11.4,C,10,,Furla,Furla,Furla,フルラ,Furla,"en,fr,it,de,ja,zh",
Q55205917,Best Company,Italian fashion firm,2,,0,0.0,0,,3554.0,,False,False,False,True,0.0,0.0,0.0,0.09339032273895231,reddit,0.09339032273895231,0.164859428804804,0.10411068864883005,256,11.4,C,2,,,Best Company,,,,it,
Q11236730,Niko and...,Japanese clothing brand,2,,0,0.0,0,,3535.0,,False,False,False,True,0.0,0.0,0.0,0.09314035171487331,reddit,0.09314035171487331,0.164859428804804,0.1038982132783629,257,11.4,C,2,,,,,Niko and...,Niko and...,"ja,zh",
Q6756978,Marchesa,US women's wear brand,1,Marchesa (brand),0,0.0,0,,4074.0,,False,False,False,True,0.0,0.0,0.0,0.09998933426711087,reddit,0.09998933426711086,0.11657322005041776,0.10247691713460688,258,11.3,C,1,,,,,,,en,
Q3645820,Bruno Magli,Italian shoe and goods company,6,Bruno Magli,0,0.0,0,,2001.0,,False,False,False,True,0.0,0.0,0.0,0.07007558126182005,reddit,0.07007558126182005,0.2855449067967046,0.10239598009205272,259,11.2,C,6,,,Bruno Magli,,ブルーノ・マリ,,"en,it,ja",
Q5000795,Burton,British clothing retailer,4,Burton (retailer),0,0.0,0,,18600.0,0.4,False,False,True,True,0.0,0.0,0.07018765163000643,0.21364839599406468,trends+reddit,0.07915394815276007,0.23314644010083552,0.10225282194497139,260,11.2,C,3,,Burton of London,,,,,"en,fr",
Q3212802,La Senza,Canadian fashion retailer,9,La Senza,0,0.0,0,,1354.0,,False,False,False,True,0.0,0.0,0.0,0.05764378593003762,reddit,0.057643785930037626,0.3497196601512533,0.10145516706321997,261,11.1,C,8,La Senza,La Senza,,,,,"en,es,fr",
Q3476844,Sebago,American footwear company,3,Sebago (company),0,0.0,0,,2793.0,,False,False,False,True,0.0,0.0,0.0,0.08279014292872978,reddit,0.08279014292872978,0.2019107399292305,0.1006582324788049,262,11.1,C,2,,Sebago,,,,,"en,fr",
Q2470307,Guess,American clothing line brand,33,Guess (company),0,0.0,0,,231000.0,,False,False,False,False,0.0,0.0,0.0,0.7529205563128526,,,0.6696621654882878,0.10044932482324317,263,11.0,C,32,Guess?,Guess (entreprise),Guess,Guess (Modeunternehmen),GUESS,盖尔斯,"en,es,fr,it,de,ja,zh",
Q532310,Hummel,Danish manufacturing company of sportswear,33,Hummel International,0,0.0,0,,0.0,,False,False,False,True,0.0,0.0,0.0,0.0,reddit,0.0,0.6696621654882878,0.10044932482324317,264,11.0,C,32,Hummel (marca),Hummel International,Hummel International,Hummel (Sportbekleidung),ヒュンメル,熊蜂 (体育品牌),"en,es,fr,it,de,ja,zh",
Q12061509,Matalan,British fashion and homeware retailer,5,Matalan,0,0.0,0,,2111.0,,False,False,False,True,0.0,0.0,0.0,0.07197592934744802,reddit,0.07197592934744802,0.26066564438877554,0.10027938660364716,265,11.0,C,4,,,,,,,en,
Q8075252,Zumiez,American clothing retailer,6,Zumiez,0,0.0,0,,1843.0,,False,False,False,True,0.0,0.0,0.0,0.06725209721927612,reddit,0.06725209721927612,0.2855449067967046,0.09999601865589039,266,11.0,C,5,,,,Zumiez,,,"en,de",
Q184399,Zeeman,multinational clothing store chain,8,Zeeman (store),0,0.0,0,,1427.0,,False,False,False,True,0.0,0.0,0.0,0.05917730064539511,reddit,0.05917730064539511,0.329718857609608,0.09975853419002703,267,11.0,C,7,,Zeeman (enseigne),,Zeeman textielSupers,,,"en,fr,de",
Q571206,Tom Tailor,German clothing company,13,Tom Tailor,0,0.0,0,,748.0,,False,False,False,True,0.0,0.0,0.0,0.04284438995339773,reddit,0.04284438995339773,0.420310722237728,0.09946433979604727,268,10.9,C,12,,Tom Tailor,,Tom Tailor,,,"en,fr,de",
Q6523209,LensCrafters,American optician and eyewear retail chain,5,LensCrafters,0,0.0,0,,2042.0,,False,False,False,True,0.0,0.0,0.0,0.07078985673206786,reddit,0.07078985673206786,0.26066564438877554,0.09927122488057402,269,10.9,C,4,,,,,,亮視點,"en,zh",
Q136503,Mango,clothing design and manufacturing company,32,Mango (retailer),0,0.0,0,,31600.0,,False,False,False,False,0.0,0.0,0.0,0.2784753162457952,,,0.659437715219216,0.0989156572828824,270,10.9,C,30,Mango (empresa),Mango (entreprise),Mango (azienda),Mango (Mode),,,"en,es,fr,it,de",
Q21410966,Everlane,United States clothing retailer,1,Everlane,0,0.0,0,,,0.72,False,False,True,False,0.0,0.0,0.09416661613546097,0.0,trends,0.09416661613546097,0.11657322005041776,0.0975276067227045,271,10.7,C,1,,,,,,,en,
Q1786717,Lindex,Swedish-Finnish clothing store chain,10,Lindex,0,0.0,0,,1004.0,,False,False,False,True,0.0,0.0,0.0,0.049637513811437474,reddit,0.049637513811437474,0.36863688953932866,0.09748742017062115,272,10.7,C,9,,,Lindex,Lindex,,,"en,it,de",
Q21463374,Nordstrom Rack,American fashion retail chain,3,Nordstrom Rack,0,0.0,0,,2526.0,,False,False,False,True,0.0,0.0,0.0,0.07873355071145324,reddit,0.07873355071145324,0.2019107399292305,0.09721012909411983,273,10.7,C,2,,,,,,,en,
Q2003244,Thor Steinar,German clothing brand,15,Thor Steinar,0,0.0,0,,488.0,,False,False,False,True,0.0,0.0,0.0,0.03460613323576659,reddit,0.03460613323576659,0.4514861398690405,0.09713813423075768,274,10.7,C,14,,Thor Steinar,Thor Steinar,Thor Steinar,,,"en,fr,it,de",
Q1427623,Haglöfs,company,14,Haglöfs,0,0.0,0,,563.0,,False,False,False,True,0.0,0.0,0.0,0.037170410892022394,reddit,0.037170410892022394,0.4361770499016697,0.0970214067434695,275,10.7,C,13,Haglöfs,,Haglöfs,Haglöfs,ホグロフス,Haglöfs,"en,es,it,de,ja,zh",
Q1156731,Mizuno,Japanese sports equipment and sportswear company,29,Mizuno,0,0.0,0,,1.0,,False,False,False,True,0.0,0.0,0.0,0.001566546045073462,reddit,0.001566546045073462,0.627766002069856,0.09549646444879084,276,10.5,C,28,Mizuno Corporation,Mizuno,Mizuno,Mizuno (Unternehmen),ミズノ,美津濃,"en,es,fr,it,de,ja,zh",
Q457822,Fielmann,German multinational optician and eyewear retail chain,10,Fielmann AG,0,0.0,0,,906.0,,False,False,False,True,0.0,0.0,0.0,0.04715277573239762,reddit,0.04715277573239762,0.36863688953932866,0.09537539280343726,277,10.5,C,9,,Fielmann,,Fielmann,,,"en,fr,de",
Q7121857,PacSun,United States-based retail clothing brand,5,PacSun,0,0.0,0,,1768.0,,False,False,False,True,0.0,0.0,0.0,0.0658694890828889,reddit,0.0658694890828889,0.26066564438877554,0.0950889123787719,278,10.4,C,4,,PacSun,,,,,"en,fr",
Q2820820,K-way,French clothing-retail company famous for its waterproof jackets,8,K-Way,0,0.0,0,,1155.0,,False,False,False,True,0.0,0.0,0.0,0.053239523106356594,reddit,0.053239523106356594,0.329718857609608,0.09471142328184431,279,10.4,C,7,,K-way,,,,,"en,fr",
Q7282768,Rag & Bone,American fashion label,1,Rag & Bone,0,0.0,0,,3352.0,,False,False,False,True,0.0,0.0,0.0,0.09069746934725324,reddit,0.09069746934725324,0.11657322005041776,0.09457883195272793,280,10.4,C,1,,,,,,,en,
Q1373540,Frederick's of Hollywood,retailer of women's lingerie in the United States,4,Frederick's of Hollywood,0,0.0,0,,1999.0,,False,False,False,True,0.0,0.0,0.0,0.07004055222625871,reddit,0.07004055222625871,0.23314644010083552,0.09450643540744523,281,10.4,C,4,,Frederick's of Hollywood,,Frederick’s of Hollywood,,,"en,fr,de",
Q241295,Miss Sixty,Italian fashion brand,14,Miss Sixty,0,0.0,0,,470.0,,False,False,False,True,0.0,0.0,0.0,0.03396190896177059,reddit,0.03396190896177059,0.4361770499016697,0.09429418010275546,282,10.4,C,13,Miss Sixty,,Miss Sixty,Miss Sixty,ミスシックスティ,,"en,es,it,de,ja",
Q1784995,Alfred Dunhill,British luxury goods brand,16,Alfred Dunhill Limited,0,0.0,0,,331.0,,False,False,False,True,0.0,0.0,0.0,0.02850080727368939,reddit,0.028500807273689394,0.46629288020167103,0.09416961821288664,283,10.3,C,15,Alfred Dunhill Ltd.,Alfred Dunhill,,Alfred Dunhill,ダンヒル,登喜路公司,"en,es,fr,de,ja,zh",
Q1659229,Supreme,American clothing brand and skateboarding shop,29,Supreme (brand),0,0.0,0,,151800.0,,False,False,False,False,0.0,0.0,0.0,0.6103501424761849,,,0.627766002069856,0.0941649003104784,284,10.3,C,28,Supreme (marca),Supreme (vêtements),Supreme (marchio),Supreme (Bekleidung),シュプリーム (ブランド),Supreme,"en,es,fr,it,de,ja,zh",
Q158285,Diesel,"Italian retail clothing company, located in Breganze, Italy",29,Diesel (company),0,0.0,0,,31900.0,5.19,False,False,False,False,0.0,0.0,0.25282172785645524,0.2797940701866218,,,0.627766002069856,0.0941649003104784,285,10.3,C,29,Diesel (casa de moda),Diesel (entreprise),Diesel (azienda),Diesel (Modelabel),ディーゼル (ファッションブランド),迪賽,"en,es,fr,it,de,ja,zh",
Q849724,Q849724,Italian menswear house,29,Brioni (brand),0,0.0,0,,0.0,,False,False,False,True,0.0,0.0,0.0,0.0,reddit,0.0,0.627766002069856,0.0941649003104784,286,10.3,C,28,Brioni,Brioni,Brioni (azienda),Brioni (Modeunternehmen),ブリオーニ,布里奥尼,"en,es,fr,it,de,ja,zh",
Q2979949,Club Monaco,"mid-priced, high-end casual clothing retailer",8,Club Monaco,0,0.0,0,,1107.0,,False,False,False,True,0.0,0.0,0.0,0.05212150830557556,reddit,0.05212150830557556,0.329718857609608,0.09376111070118043,287,10.3,C,7,,Club Monaco,,Club Monaco,,,"en,fr,de",
Q2782017,Napapijri,Italian clothing brand,11,Napapijri,0,0.0,0,,714.0,,False,False,False,True,0.0,0.0,0.0,0.04185932977358104,reddit,0.04185932977358104,0.3866296315107707,0.09357487503415948,288,10.3,C,10,,Napapijri,Napapijri,Napapijri,,,"en,fr,it,de",
Q131445771,Rapha,cycling clothing and lifestyle brand,3,Rapha (sportswear),0,0.0,0,,2257.0,,False,False,False,True,0.0,0.0,0.0,0.07442330358216964,reddit,0.07442330358216964,0.2019107399292305,0.09354641903422878,289,10.3,C,2,,,,,,,en,
Q911217,Breuninger,German retailer,5,Breuninger,0,0.0,0,,1634.0,,False,False,False,True,0.0,0.0,0.0,0.06332412399332413,reddit,0.06332412399332413,0.26066564438877554,0.09292535205264184,290,10.2,C,4,,,,Breuninger,,,"en,de",
Q5213855,Jimmy Choo,British high fashion house,14,Jimmy Choo (fashion house),0,0.0,0,,0.0,0.09,False,False,True,True,0.0,0.0,0.03329292641538751,0.0,trends+reddit,0.031212118514425787,0.4361770499016697,0.09195685822251237,291,10.1,C,14,Jimmy Choo Ltd,Jimmy Choo Ltd,Jimmy Choo (azienda),,ジミーチュウ,Jimmy Choo (品牌),"en,es,fr,it,ja,zh",
Q172227,Playlife,Italian sportswear brand,16,Playlife,0,0.0,0,,264.0,,False,False,False,True,0.0,0.0,0.0,0.025453360465614763,reddit,0.02545336046561476,0.46629288020167103,0.0915792884260232,292,10.1,C,15,Playlife,Playlife,Playlife,Playlife,,,"en,es,fr,it,de",
Q5512676,G2000,clothing brand,7,G2000,0,0.0,0,,1153.0,,False,False,False,True,0.0,0.0,0.0,0.053193408309391184,reddit,0.053193408309391184,0.3084237497834138,0.09147795953049458,293,10.0,C,6,,,,,,縱橫二千集團,"en,zh",
Q5915543,House of Worth,French house of high fashion,11,House of Worth,0,0.0,0,,630.0,,False,False,False,True,0.0,0.0,0.0,0.039319993669140414,reddit,0.039319993669140414,0.3866296315107707,0.09141643934538496,294,10.0,C,10,,Maison Worth,Worth (azienda),,,,"en,fr,it",
Q25110413,BALR.,Lifestyle brand in the Netherlands,2,BALR.,0,0.0,0,,2471.0,,False,False,False,True,0.0,0.0,0.0,0.07787167873822638,reddit,0.07787167873822638,0.164859428804804,0.09091984124821303,295,10.0,C,2,,,,,,,en,
Q3274777,Evisu,a Japanese designer clothing company,10,Evisu,0,0.0,0,,715.0,,False,False,False,True,0.0,0.0,0.0,0.041888632773161065,reddit,0.041888632773161065,0.36863688953932866,0.0909008712880862,296,10.0,C,9,,Evisu,Evisu,,エヴィスジーンズ,,"en,fr,it,ja",
Q142691,Montblanc,German company,27,Montblanc (company),0,0.0,0,,0.0,,False,False,False,True,0.0,0.0,0.0,0.0,reddit,0.0,0.6057322197876915,0.09085983296815373,297,10.0,C,26,Montblanc (empresa),Montblanc (entreprise),Montblanc (azienda),Montblanc (Unternehmen),モンブラン (企業),萬寶龍,"en,es,fr,it,de,ja,zh",
Q1439645,Macron,Italian sportswear company,27,Macron (sportswear),0,0.0,0,,0.0,,False,False,False,True,0.0,0.0,0.0,0.0,reddit,0.0,0.6057322197876915,0.09085983296815373,298,10.0,C,26,Macron (marca),Macron (entreprise),Macron (azienda),Macron (Unternehmen),マクロン (スポーツ用品),马克龙 (运动品牌),"en,es,fr,it,de,ja,zh",
Q3401000,Nalini,,1,,0,0.0,0,,3027.0,,False,False,False,True,0.0,0.0,0.0,0.08618851042808413,reddit,0.08618851042808413,0.11657322005041776,0.09074621687143417,299,10.0,C,1,,,,,,,,
Q7932495,Vineyard Vines,American clothing and accessory retailer,2,Vineyard Vines,0,0.0,0,,2446.0,,False,False,False,True,0.0,0.0,0.0,0.07747674932988707,reddit,0.07747674932988707,0.164859428804804,0.09058415125112462,300,10.0,C,2,,,,,,,en,
Q115310947,Terminal X,Online Fashion and Lifestyle Retailer Offering Leading brands with Fast Delivery,1,,0,0.0,0,,,0.6,False,False,True,False,0.0,0.0,0.08596196636886988,0.0,trends,0.08596196636886988,0.11657322005041776,0.09055365442110205,301,9.9,C,1,,,,,,,,
Q5349364,Eileen Fisher,Entrepreneur and fashion designer,4,Eileen Fisher,0,0.0,0,,1727.0,,False,False,False,True,0.0,0.0,0.0,0.06510125087182328,reddit,0.06510125087182328,0.23314644010083552,0.09030802925617512,302,9.9,C,3,,,,,,,en,
Q924963,Charles Tyrwhitt,company,7,Charles Tyrwhitt,0,0.0,0,,1048.0,,False,False,False,True,0.0,0.0,0.0,0.05071352584744429,reddit,0.05071352584744429,0.3084237497834138,0.08937005943783971,303,9.8,C,6,,,Charles Tyrwhitt,Charles Tyrwhitt,,查尔斯·蒂里特,"en,it,de,zh",
Q881017,Bogner,German clothing company,4,,0,0.0,0,,1834.0,0.33,False,False,True,True,0.0,0.0,0.0637511004932581,0.06708768874979186,trends+reddit,0.06395963725929146,0.23314644010083552,0.08933765768552307,304,9.8,C,3,,,Willy Bogner (azienda),Bogner (Unternehmen),,,"it,de",
Q16992933,Fabletics,"American online subscription retailer that sells women's sportswear, footwear and accessories",3,Fabletics,0,0.0,0,,1923.0,,False,False,False,True,0.0,0.0,0.0,0.0686962146067583,reddit,0.0686962146067583,0.2019107399292305,0.08867839340512912,305,9.7,C,3,,Fabletics,,,,,"en,fr",
Q5166857,Coogi,Australian fashion brand,4,Coogi,0,0.0,0,,1610.0,,False,False,False,True,0.0,0.0,0.0,0.06285735504497338,reddit,0.06285735504497338,0.23314644010083552,0.0884007178033527,306,9.7,C,3,,,,,,,en,
Q3905226,PINKO,Italian women's fashion brand,6,Pinko (fashion),0,0.0,0,,1164.0,,False,False,False,True,0.0,0.0,0.0,0.053446547308449166,reddit,0.053446547308449166,0.2855449067967046,0.08826130123168748,307,9.7,C,5,,,Pinko,,,Pinko,"en,it,zh",
Q3357081,Dressmann,Trade chain for men's fashion,8,Dressmann,0,0.0,0,,833.0,,False,False,False,True,0.0,0.0,0.0,0.04521324367862042,reddit,0.04521324367862042,0.329718857609608,0.08788908576826855,308,9.7,C,7,,,,Dressmann,,,"en,de",
Q7193265,Rocawear,clothing brand,6,Rocawear,0,0.0,0,,1130.0,,False,False,False,True,0.0,0.0,0.0,0.052660185698579665,reddit,0.05266018569857967,0.2855449067967046,0.08759289386329841,309,9.6,C,6,,Rocawear,,,,,"en,fr",
Q1539185,Timberland,American manufacturer and retailer of outdoors wear,25,Timberland (company),0,0.0,0,,0.0,,False,False,False,True,0.0,0.0,0.0,0.0,reddit,0.0,0.5828661002520887,0.0874299150378133,310,9.6,C,24,Timberland (compañía),Timberland (entreprise),Timberland,Timberland,ティンバーランド,添柏岚,"en,es,fr,it,de,ja,zh",
Q1028975,Jacques Fath,French fashion designer (1912–1954),11,Jacques Fath,0,0.0,0,,485.0,,False,False,False,True,0.0,0.0,0.0,0.034499597939651745,reddit,0.034499597939651745,0.3866296315107707,0.08731910297531958,311,9.6,C,10,Jacques Fath,Jacques Fath,Jacques Fath,Jacques Fath,ジャック・ファット,,"en,es,fr,it,de,ja",
Q6077665,Jack & Jones,Danish clothing retailer,12,Jack & Jones,0,0.0,0,,1240.0,0.07,False,False,True,True,0.0,0.0,0.029361601237562818,0.055163778641929326,trends+reddit,0.030974237325335722,0.403821479858461,0.08690132370530451,312,9.5,C,11,,Jack & Jones,,Jack & Jones,,,"en,fr,de",
Q7156755,Payless ShoeSource,American shoe distribution company,5,Payless (footwear retailer),0,0.0,0,,1287.0,,False,False,False,True,0.0,0.0,0.0,0.0561994982191882,reddit,0.05619949821918821,0.26066564438877554,0.08686942014462631,313,9.5,C,4,Payless ShoeSource,,,,,,"en,es",
Q3073822,Superga,Italian footwear brand,10,Superga (brand),0,0.0,0,,555.0,,False,False,False,True,0.0,0.0,0.0,0.036905377843765456,reddit,0.036905377843765456,0.36863688953932866,0.08666510459809992,314,9.5,C,9,Superga (calzado),Superga (entreprise),Superga (azienda),Superga (Schuhmarke),,Superga,"en,es,fr,it,de,zh",
Q2749082,Lord & Taylor,American luxury department store,11,Lord & Taylor,0,0.0,0,,455.0,,False,False,False,True,0.0,0.0,0.0,0.03341556916554862,reddit,0.03341556916554862,0.3866296315107707,0.08639767851733193,315,9.5,C,11,Lord & Taylor,Lord & Taylor,Lord & Taylor,,ロード・アンド・テイラー,羅德與泰勒,"en,es,fr,it,ja,zh",
Q5203233,D-A-S-H,closed fashion chain,6,Dash (boutique),0,0.0,0,,1065.0,,False,False,False,True,0.0,0.0,0.0,0.05112319272670771,reddit,0.05112319272670771,0.2855449067967046,0.08628644983720724,316,9.5,C,6,Dash (tienda),,DASH (azienda),,,,"en,es,it",
Q1056200,Cerruti 1881,French fashion house,11,Cerruti 1881,0,0.0,0,,409.0,,False,False,False,True,0.0,0.0,0.0,0.03168143309789095,reddit,0.03168143309789095,0.3866296315107707,0.0849236628598229,317,9.3,C,11,Cerruti 1881,Cerruti,,Cerruti,,,"en,es,fr,de",
Q2719846,Billionaire Boys Club,American and Japanese clothing retailer established by Pharrell Williams and Nigo,7,Billionaire Boys Club (clothing retailer),0,0.0,0,,818.0,,False,False,False,True,0.0,0.0,0.0,0.04480431236245323,reddit,0.04480431236245323,0.3084237497834138,0.08434722797559732,318,9.3,C,7,,Billionaire Boys Club,,,,,"en,fr",
Q16648226,Women'secret,Spanish lingerie retailer,3,,0,0.0,0,,,0.32,False,False,True,False,0.0,0.0,0.06277774409030731,0.0,trends,0.06277774409030731,0.2019107399292305,0.08364769346614578,319,9.2,C,2,Women'secret,,,,,,es,
Q123700068,Alo Yoga,athletic apparel retailer,5,Alo Yoga,0,0.0,0,,1086.0,,False,False,False,True,0.0,0.0,0.0,0.05162476374096196,reddit,0.05162476374096196,0.26066564438877554,0.082980895838134,320,9.1,C,5,Alo Yoga,,,,,,"en,es",
Q43080895,sacai,Japanese luxury fashion brand,5,Sacai,0,0.0,0,,1069.0,,False,False,False,True,0.0,0.0,0.0,0.05121910874485656,reddit,0.05121910874485656,0.26066564438877554,0.0826360890914444,321,9.1,C,5,,Sacai,Sacai,,,Sacai,"en,fr,it,zh",
Q664543,Deichmann,German shoe retailer,20,Deichmann SE,0,0.0,0,,11.0,,False,False,False,True,0.0,0.0,0.0,0.005195645448323852,reddit,0.005195645448323852,0.5213312887775511,0.08261599194770794,322,9.1,C,19,Deichmann SE,Groupe Deichmann,Deichmann,Deichmann SE,,,"en,es,fr,it,de",
Q130705749,Assem,Dutch fashion company,1,,0,0.0,0,,2377.0,,False,False,False,True,0.0,0.0,0.0,0.07637614874713192,reddit,0.07637614874713192,0.11657322005041776,0.08240570944262479,323,9.1,C,1,,,,,,,,
Q1130841,Proenza Schouler,company,6,Proenza Schouler,0,0.0,0,,881.0,,False,False,False,True,0.0,0.0,0.0,0.0464976622690475,reddit,0.0464976622690475,0.2855449067967046,0.08235474894819605,324,9.0,C,6,,Proenza Schouler,Proenza Schouler,Proenza Schouler,,,"en,fr,it,de",
Q3047175,Ed Hardy,Clothing brand,2,Ed Hardy (clothing line),0,0.0,0,,1862.0,,False,False,False,True,0.0,0.0,0.0,0.06759786863582562,reddit,0.06759786863582562,0.164859428804804,0.08218710266117238,325,9.0,C,2,,Ed Hardy,,,,,"en,fr",
Q23893788,Ivy Park,activewear clothing line,6,Ivy Park,0,0.0,0,,873.0,,False,False,False,True,0.0,0.0,0.0,0.04628606771368379,reddit,0.04628606771368379,0.2855449067967046,0.08217489357613691,326,9.0,C,6,,Ivy Park,,,,,"en,fr",
Q29015034,JW Anderson,British fashion company,3,JW Anderson,0,0.0,0,,1515.0,,False,False,False,True,0.0,0.0,0.0,0.060974673141173844,reddit,0.060974673141173844,0.2019107399292305,0.08211508315938235,327,9.0,C,2,,,,,JW ANDERSON,,"en,ja",
Q136311,Sunglass Hut,international eyewear retailer,6,Sunglass Hut,0,0.0,0,,867.0,,False,False,False,True,0.0,0.0,0.0,0.04612673482187645,reddit,0.04612673482187645,0.2855449067967046,0.08203946061810066,328,9.0,C,5,Sunglass Hut,,,,,,"en,es",
Q378698,Jaeger-LeCoultre,Swiss luxury watches and clocks manufactured since 1833,22,Jaeger-LeCoultre,0,0.0,0,,0.0,,False,False,False,True,0.0,0.0,0.0,0.0,reddit,0.0,0.546776868497844,0.0820165302746766,329,9.0,C,21,Jaeger-LeCoultre,Jaeger-LeCoultre,Jaeger-LeCoultre,Jaeger-LeCoultre,ジャガー・ルクルト,積家,"en,es,fr,it,de,ja,zh",
Q2290173,Sirri,Faroese fashion label,2,,0,0.0,0,,1840.0,,False,False,False,True,0.0,0.0,0.0,0.06719733909059912,reddit,0.06719733909059912,0.164859428804804,0.08184665254772985,330,9.0,C,1,,,,,,,,
Q182399,J. Barbour and Sons,English luxury fashion business founded by John Barbour in 1894,20,Barbour (company),0,0.0,0,,7.0,,False,False,False,True,0.0,0.0,0.0,0.004144691252596162,reddit,0.004144691252596162,0.5213312887775511,0.0817226808813394,331,9.0,C,19,J. Barbour & Sons,J. Barbour and Sons,Barbour (azienda),Barbour (Textilien),バブアー,巴伯爾父子公司,"en,es,fr,it,de,ja,zh",
Q6106802,J. Press,Fashion clothier,5,J. Press,0,0.0,0,,1011.0,,False,False,False,True,0.0,0.0,0.0,0.04981025238803748,reddit,0.04981025238803749,0.26066564438877554,0.0814385611881482,332,8.9,C,4,,,,,J.プレス,,"en,ja",
Q104842926,Ganni,Danish clothing company,1,Ganni,0,0.0,0,,2256.0,,False,False,False,True,0.0,0.0,0.0,0.07440681453719443,reddit,0.07440681453719443,0.11657322005041776,0.08073177536417792,333,8.9,C,1,,,,,,,en,
Q7576421,Sperry Top-Sider,Boat shoe brand,4,Sperry (brand),0,0.0,0,,1168.0,,False,False,False,True,0.0,0.0,0.0,0.053538301105280094,reddit,0.0535383011052801,0.23314644010083552,0.08047952195461341,334,8.8,C,4,Sperry Top-Sider,,Sperry Top-Sider,,,,"en,es,it",
Q278948,Aquascutum,trademark and fashion brand,10,Aquascutum,0,0.0,0,,356.0,,False,False,False,True,0.0,0.0,0.0,0.029557531663441865,reddit,0.02955753166344187,0.36863688953932866,0.08041943534482489,335,8.8,C,9,,,,Aquascutum,アクアスキュータム,雅格獅丹,"en,de,ja,zh",
Q463378,American Apparel,company,19,American Apparel,0,0.0,0,,9.0,,False,False,False,True,0.0,0.0,0.0,0.004699638135220386,reddit,0.004699638135220386,0.5081308857229004,0.0802143252733724,336,8.8,C,17,American Apparel,American Apparel,,American Apparel,アメリカンアパレル,美国服饰公司,"en,es,fr,de,ja,zh",
Q631894,HEAD,sports equipment and clothing company,21,Head (company),0,0.0,0,,215000.0,,False,False,False,False,0.0,0.0,0.0,0.7263775188819451,,,0.5342056048857832,0.08013084073286747,337,8.8,C,20,Head (empresa),Head (entreprise),Head (azienda),Head (Sportartikelhersteller),,海德 (公司),"en,es,fr,it,de,zh",
Q600986,Escada,German clothing company,21,Escada,0,0.0,0,,0.0,,False,False,False,True,0.0,0.0,0.0,0.0,reddit,0.0,0.5342056048857832,0.08013084073286747,338,8.8,C,20,Escada,Escada,Escada (azienda),Escada,エスカーダ,,"en,es,fr,it,de,ja",
Q2436187,Nudie Jeans,Swedish clothing brand,7,Nudie Jeans,0,0.0,0,,646.0,,False,False,False,True,0.0,0.0,0.0,0.03981616463601947,reddit,0.03981616463601947,0.3084237497834138,0.08010730240812862,339,8.8,C,6,,,,Nudie Jeans,,,"en,de",
Q1132272,PVH Corp.,American clothing company,17,PVH Corp.,0,0.0,0,,33.0,,False,False,False,True,0.0,0.0,0.0,0.008999121894610888,reddit,0.008999121894610888,0.4806436993862429,0.07974580851835568,340,8.8,C,17,,PVH,PVH (azienda),PVH Corp.,,PVH集团,"en,fr,it,de,zh",
Q4139985,Gloria Jeans,Russian clothing retail company,5,Gloria Jeans,0,0.0,0,,928.0,,False,False,False,True,0.0,0.0,0.0,0.047721836956671766,reddit,0.047721836956671766,0.26066564438877554,0.07966340807148733,341,8.8,C,4,,,,,,,en,
Q121878733,Vuori,American contemporary clothing brand,2,Vuori,0,0.0,0,,1694.0,,False,False,False,True,0.0,0.0,0.0,0.06447626439397684,reddit,0.06447626439397684,0.164859428804804,0.0795337390556009,342,8.7,C,2,,,,,,飞奥力,"en,zh",
Q107394070,Number (N)ine,Japanese fashion brand,2,,0,0.0,0,,1682.0,,False,False,False,True,0.0,0.0,0.0,0.06424748922771989,reddit,0.06424748922771989,0.164859428804804,0.0793392801642825,343,8.7,C,2,,,,,ナンバーナイン (ファッションブランド),,ja,
Q4176650,Tiger of Sweden,Swedish clothing company,13,Tiger of Sweden,0,0.0,0,,149.0,,False,False,False,True,0.0,0.0,0.0,0.019122131423796887,reddit,0.019122131423796887,0.420310722237728,0.07930042004588655,344,8.7,C,12,,Tiger of Sweden,,Tiger of Sweden,,,"en,fr,de",
Q1136537,Costume National,Italian fashion house,5,Costume National,0,0.0,0,,894.0,,False,False,False,True,0.0,0.0,0.0,0.046839464782742375,reddit,0.046839464782742375,0.26066564438877554,0.07891339172364735,345,8.7,C,5,,,Costume national,Costume National,コスチューム・ナショナル,,"en,it,de,ja",
Q945463,Bonia,High-end fashion retailer,4,Bonia (fashion),0,0.0,0,,1082.0,,False,False,False,True,0.0,0.0,0.0,0.051529602805230314,reddit,0.051529602805230314,0.23314644010083552,0.0787721283995711,346,8.7,C,4,,Bonia,,,,,"en,fr",
Q3439593,Cubus,Norwegian clothing company and store chain,4,,0,0.0,0,,1064.0,,False,False,False,True,0.0,0.0,0.0,0.0510991855909736,reddit,0.0510991855909736,0.23314644010083552,0.07840627376745288,347,8.6,C,3,,,,,,,,
Q6925414,Mountain Warehouse,British outdoors clothing and equipment retail chain,5,Mountain Warehouse,0,0.0,0,,870.0,,False,False,False,True,0.0,0.0,0.0,0.04620646994590384,reddit,0.04620646994590384,0.26066564438877554,0.0783753461123346,348,8.6,C,4,Mountain Warehouse,Mountain Warehouse,,,,,"en,es,fr",
Q3574548,Zadig & Voltaire,French fashion retailer,3,Zadig&Voltaire,0,0.0,0,,1304.0,,False,False,False,True,0.0,0.0,0.0,0.05656945050803692,reddit,0.05656945050803692,0.2019107399292305,0.07837064392121595,349,8.6,C,2,,Zadig & Voltaire,,,,,"en,fr",
Q2855977,Slazenger,British business and sports brand,19,Slazenger,0,0.0,0,,572.0,0.0,False,False,True,True,0.0,0.0,0.0,0.03746633214612547,trends+reddit,0.002341645759132842,0.5081308857229004,0.07821003175369798,350,8.6,C,18,Slazenger,Slazenger,Slazenger,Slazenger,スラセンジャー,,"en,es,fr,it,de,ja",
Q18577819,Blanc & Eclare,fashion brand,8,Blanc & Eclare,0,0.0,0,,464.0,,False,False,False,True,0.0,0.0,0.0,0.033744434522741396,reddit,0.033744434522741396,0.329718857609608,0.07814059798577139,351,8.6,C,7,,,,,,,en,
Q4167754,Herve Leger,French fashion house,7,Hervé Léger,0,0.0,0,,570.0,,False,False,False,True,0.0,0.0,0.0,0.037400774209381336,reddit,0.037400774209381336,0.3084237497834138,0.0780542205454862,352,8.6,C,6,,Hervé Léger,,,,,"en,fr",
Q3012602,Damart,French clothing company,3,Damart,0,0.0,0,,1260.0,,False,False,False,True,0.0,0.0,0.0,0.055606868319322614,reddit,0.055606868319322614,0.2019107399292305,0.0775524490608088,353,8.5,C,3,,Damart,,,,,"en,fr",
Q429204,C.P. Company,Italian apparel brand,9,C.P. Company,0,0.0,0,,352.0,,False,False,False,True,0.0,0.0,0.0,0.029391009033206524,reddit,0.02939100903320652,0.3497196601512533,0.07744030670091354,354,8.5,C,8,,,,C.P. Company,C.P. Company,,"en,de,ja",
Q7553581,Soffe,American sportswear brand,1,Soffe,0,0.0,0,,2018.0,,False,False,False,True,0.0,0.0,0.0,0.07037262407978435,reddit,0.07037262407978435,0.11657322005041776,0.07730271347537937,355,8.5,C,1,,,,,,,en,
Q1654538,Replay,Italian denim clothing retailer,7,,0,0.0,0,,136000.0,0.0,False,False,True,True,0.0,0.0,0.0,0.5777136362780452,trends+reddit,0.03610710226737782,0.3084237497834138,0.07695459939478322,356,8.5,C,6,,,Replay (marchio),Replay (Mode),リプレイ (ファッションブランド),,"it,de,ja",
Q4728473,AllSaints,"British fashion retailer headquartered in London, UK",5,AllSaints,0,0.0,0,,3125.0,0.14,False,False,True,True,0.0,0.0,0.04152357468315199,0.08757258616669276,trends+reddit,0.044401637900873286,0.26066564438877554,0.07684123887405862,357,8.4,C,4,,AllSaints,,,,,"en,fr",
Q3305660,Tailored Brands,US-based men's apparel company,5,,0,0.0,0,,801.0,,False,False,False,True,0.0,0.0,0.0,0.0443362974951628,reddit,0.0443362974951628,0.26066564438877554,0.07678569952920472,358,8.4,C,5,Men's Wearhouse,Men's Wearhouse,Men's Warehouse,,,,"es,fr,it",
Q3558391,Vilebrequin,"French brand, specialized in both swimwear and ready-to-wear for men and women",3,Vilebrequin,0,0.0,0,,1213.0,,False,False,False,True,0.0,0.0,0.0,0.0545598999105545,reddit,0.0545598999105545,0.2019107399292305,0.0766625259133559,359,8.4,C,3,,Vilebrequin (marque),Vilebrequin,,,,"en,fr,it",
Q3974532,Storm Management,"modeling agency in Chelsea, London",11,Storm Management,0,0.0,0,,196.0,,False,False,False,True,0.0,0.0,0.0,0.021931644631028466,reddit,0.021931644631028466,0.3866296315107707,0.0766363426629898,360,8.4,C,11,Storm Model Management,Storm Model Management,Storm Model Agency,Storm Model Management,,,"en,es,fr,it,de",
Q104846139,Savage X Fenty,Lingerie line,3,Savage X Fenty,0,0.0,0,,1207.0,,False,False,False,True,0.0,0.0,0.0,0.05442479470959641,reddit,0.054424794709596415,0.2019107399292305,0.07654768649254153,361,8.4,C,3,,,,,,,en,
Q1385309,Balmain,French fashion house,19,Balmain (fashion house),0,0.0,0,,,,False,False,False,False,0.0,0.0,0.0,0.0,,,0.5081308857229004,0.07621963285843507,362,8.4,C,19,Balmain,Balmain,Balmain,Balmain (Unternehmen),,寶曼,"en,es,fr,it,de,zh",
Q588001,Geox,Italian shoe and clothing store chain,19,Geox,0,0.0,0,,0.0,,False,False,False,True,0.0,0.0,0.0,0.0,reddit,0.0,0.5081308857229004,0.07621963285843507,363,8.4,C,19,Geox,Geox,Geox,Geox,,健乐士,"en,es,fr,it,de,zh",
Q1783759,Kookai,French fashion label,5,Kookai,0,0.0,0,,763.0,,False,False,False,True,0.0,0.0,0.0,0.043271847061904324,reddit,0.043271847061904324,0.26066564438877554,0.07588091666093501,364,8.3,C,4,Kookai,Kookaï,,Kookaï,,,"en,es,fr,de",
Q125660181,Kaporal,French fashion brand,1,,0,0.0,0,,1912.0,,False,False,False,True,0.0,0.0,0.0,0.06849945379105664,reddit,0.06849945379105664,0.11657322005041776,0.0757105187299608,365,8.3,C,1,,Kaporal,,,,,fr,
Q25047966,Golf Wang,North American clothing line,5,Golf Wang,0,0.0,0,,747.0,,False,False,False,True,0.0,0.0,0.0,0.0428157410769389,reddit,0.0428157410769389,0.26066564438877554,0.07549322657371439,367,8.3,C,5,,,Golf Wang,,,,"en,it",
Q11293025,OWNDAYS,Japanese optician and eyewear retail chain,1,,0,0.0,0,,1888.0,,False,False,False,True,0.0,0.0,0.0,0.06806818326796342,reddit,0.06806818326796342,0.11657322005041776,0.07534393878533158,368,8.3,C,1,,,,,オンデーズ,,ja,
Q22910099,OBEY Clothing,American clothing company,9,Obey (clothing brand),0,0.0,0,,290.0,,False,False,False,True,0.0,0.0,0.0,0.02667731786156994,reddit,0.026677317861569943,0.3497196601512533,0.07513366920502243,369,8.3,C,8,,Obey (vêtements),,,,,"en,fr",
Q125784200,Corteiz,British streetwear brand,3,Corteiz,0,0.0,0,,1120.0,,False,False,False,True,0.0,0.0,0.0,0.052426658225520555,reddit,0.052426658225520555,0.2019107399292305,0.07484927048107703,370,8.2,C,3,,,,,,,en,
Q1089081,Fiorucci,Italian fashion company,8,Fiorucci,0,0.0,0,,356.0,,False,False,False,True,0.0,0.0,0.0,0.029557531663441865,reddit,0.02955753166344187,0.329718857609608,0.0745817305553668,371,8.2,C,8,Fiorucci,,Fiorucci (azienda),Fiorucci (Modemarke),,,"en,es,it,de",
Q1893576,Topshop,British multinational fashion retailer,18,Topshop,0,0.0,0,,0.0,,False,False,False,True,0.0,0.0,0.0,0.0,reddit,0.0,0.494578286414412,0.0741867429621618,372,8.1,C,17,Topshop,Topshop,,Topshop,TOPSHOP,Topshop,"en,es,fr,de,ja,zh",
Q1137991,Thomas Pink,British shirtmaking company,8,Thomas Pink,0,0.0,0,,342.0,,False,False,False,True,0.0,0.0,0.0,0.028970515129639555,reddit,0.028970515129639555,0.329718857609608,0.07408276650163483,373,8.1,C,7,,Thomas Pink,,Thomas Pink (Unternehmen),,,"en,fr,de",
Q4781133,Apple Bottoms,fashion brand for women,1,Apple Bottoms,0,0.0,0,,1802.0,,False,False,False,True,0.0,0.0,0.0,0.06649983348419919,reddit,0.06649983348419919,0.11657322005041776,0.07401084146913198,374,8.1,C,1,,,,,,,en,
Q7629175,Stüssy,American clothing retailer and private company,16,Stüssy,0,0.0,0,,9.0,,False,False,False,True,0.0,0.0,0.0,0.004699638135220386,reddit,0.004699638135220386,0.46629288020167103,0.07393862444518798,375,8.1,C,15,Stüssy,Stüssy,Stüssy,Stüssy,ステューシー,Stüssy,"en,es,fr,it,de,ja,zh",
Q7642242,Super Champion,French brand of bicycle rims,1,Super Champion,0,0.0,0,,1791.0,,False,False,False,True,0.0,0.0,0.0,0.0662965543735233,reddit,0.0662965543735233,0.11657322005041776,0.07383805422505746,376,8.1,C,1,,,,,,,en,
Q2096177,Globe,Australian surf and skateboard footwear and apparel manufacturer,9,Globe International,0,0.0,0,,246.0,,False,False,False,True,0.0,0.0,0.0,0.024570314645695628,reddit,0.024570314645695625,0.3497196601512533,0.07334271647152926,377,8.1,C,9,Globe Shoes,Globe (marque),,,,,"en,es,fr",
Q2988422,Canada Goose,Canadian manufacturer of cold weather apparel,15,Canada Goose Inc.,0,0.0,0,,17.0,,False,False,False,True,0.0,0.0,0.0,0.006459034811231488,reddit,0.006459034811231488,0.4514861398690405,0.07321310056990285,378,8.0,C,14,,Canada Goose,,,カナダグース,加拿大鵝,"en,fr,ja,zh",
Q23672312,Herschel,"company that manufactures backpacks, bags, accessories, and other travel goods",8,Herschel Supply Co.,0,0.0,0,,293.0,,False,False,False,True,0.0,0.0,0.0,0.026814948961749758,reddit,0.02681494896174976,0.329718857609608,0.0722505352589285,379,7.9,C,7,,Herschel Supply Co.,Herschel Supply Co.,,,,"en,fr,it",
Q1634723,Elan,Slovenian company specializing in sporting goods,17,Elan (company),0,0.0,0,,0.0,,False,False,False,True,0.0,0.0,0.0,0.0,reddit,0.0,0.4806436993862429,0.07209655490793643,380,7.9,C,16,,Elan (entreprise),Elan (azienda),Elan (Unternehmen),エラン (スポーツ用品メーカー),,"en,fr,it,de,ja",
Q116783961,Palm Angels,Italian luxury fashion label,3,Palm Angels,0,0.0,0,,977.0,,False,False,False,True,0.0,0.0,0.0,0.04896552850296414,reddit,0.04896552850296414,0.2019107399292305,0.07190731021690408,381,7.9,C,2,,,,,,,en,
Q65042966,R. M. Williams,Australian footwear and clothing brand,2,R. M. Williams (company),0,0.0,0,,1252.0,,False,False,False,True,0.0,0.0,0.0,0.05543005747960038,reddit,0.055430057479600385,0.164859428804804,0.07184446317838092,382,7.9,C,2,,,,,,,en,
Q651470,etnies,American footwear and apparel brand,15,Etnies,0,0.0,0,,2280.0,0.0,False,False,True,True,0.0,0.0,0.0,0.07480154841876267,trends+reddit,0.004675096776172667,0.4514861398690405,0.07169675324010284,383,7.9,C,14,Etnies,Etnies,,Etnies,エトニーズ,,"en,es,fr,de,ja",
Q50428076,Rebecca Minkoff,Handbag & Clothing Designer,2,Rebecca Minkoff (company),0,0.0,0,,1231.0,,False,False,False,True,0.0,0.0,0.0,0.05496322293546623,reddit,0.05496322293546623,0.164859428804804,0.0714476538158669,384,7.8,C,2,Rebecca Minkoff (compañía),,,,,,"en,es",
Q6697865,Lucky Brand Jeans,American denim company,4,Lucky Brand Jeans,0,0.0,0,,750.0,,False,False,False,True,0.0,0.0,0.0,0.04290163031286199,reddit,0.04290163031286199,0.23314644010083552,0.07143835178105801,385,7.8,C,3,,,,,,,en,
Q3641225,Blufin,Italian fashion company,12,Blufin,0,0.0,0,,62.0,,False,False,False,True,0.0,0.0,0.0,0.0123349958939105,reddit,0.0123349958939105,0.403821479858461,0.07105796848859307,386,7.8,C,11,Blufin,,Blufin,,,,"en,es,it",
Q4035334,Bossini,Hong Kong clothing retailer.,6,Bossini,0,0.0,0,,434.0,,False,False,False,True,0.0,0.0,0.0,0.03263533155829005,reddit,0.03263533155829005,0.2855449067967046,0.07057176784405222,387,7.8,C,5,,,,,,堡獅龍,"en,zh",
Q6187356,Jessica McClintock,American fashion designer (1930–2021),2,Jessica McClintock,0,0.0,0,,1183.0,,False,False,False,True,0.0,0.0,0.0,0.0538809862837501,reddit,0.0538809862837501,0.164859428804804,0.07052775266190818,388,7.7,C,2,,,,,,,en,
Q3504397,Avirex,American clothng company,6,Avirex,0,0.0,0,,432.0,,False,False,False,True,0.0,0.0,0.0,0.03256004810955985,reddit,0.03256004810955985,0.2855449067967046,0.07050777691263155,389,7.7,C,6,,,Avirex,,アヴィレックス,,"en,it,ja",
Q6908680,Moosejaw,an online and brick and mortar retailer specializing in outdoor recreation apparel and gear,2,Moosejaw,0,0.0,0,,1181.0,,False,False,False,True,0.0,0.0,0.0,0.05383542095950393,reddit,0.053835420959503937,0.164859428804804,0.07048902213629894,390,7.7,C,2,,,,,,,en,
Q28056374,Tezenis,Italian lingerie retailer owned by Calzedonia,3,,0,0.0,0,,898.0,,False,False,False,True,0.0,0.0,0.0,0.04694413410831117,reddit,0.04694413410831117,0.2019107399292305,0.07018912498144907,391,7.7,C,2,Tezenis,,,,,,es,
Q2903774,Gottex,Store of swimsuits,10,Gottex,0,0.0,0,,123.0,,False,False,False,True,0.0,0.0,0.0,0.017373836101858522,reddit,0.017373836101858522,0.36863688953932866,0.07006329411747904,392,7.7,C,8,Gottex,Gottex,,Gottex,,,"en,es,fr,de",
Q1095857,Clarks,British international shoe manufacturer and retailer,16,Clarks (shoe retailer),0,0.0,0,,0.0,,False,False,False,True,0.0,0.0,0.0,0.0,reddit,0.0,0.46629288020167103,0.06994393203025065,393,7.7,C,15,Clarks,C. & J. Clark,Clarks (azienda),Clarks,クラークス (企業),其樂,"en,es,fr,it,de,ja,zh",
Q2234831,Schiesser,German underwear and lingerie brand,4,Schiesser,0,0.0,0,,688.0,,False,False,False,True,0.0,0.0,0.0,0.04109011754423063,reddit,0.04109011754423063,0.23314644010083552,0.06989856592772137,394,7.7,C,3,,,,Schiesser,,,"en,de",
Q7937938,Vivobarefoot,British minimalist shoe company,3,Vivobarefoot,0,0.0,0,,874.0,,False,False,False,True,0.0,0.0,0.0,0.04631256990177782,reddit,0.04631256990177782,0.2019107399292305,0.06965229540589571,395,7.7,C,2,,,,,,,en,
Q1072452,Chiemsee,German business,1,,0,0.0,0,,1167.0,0.31,False,False,True,True,0.0,0.0,0.06178905640997228,0.05351537740433399,trends+reddit,0.06127195147211989,0.11657322005041776,0.06956714175886457,396,7.6,C,1,,,,Chiemsee (Sportartikel),,,de,
Q138318202,Syrn,American lingerie brand,3,Syrn,0,0.0,0,,868.0,,False,False,False,True,0.0,0.0,0.0,0.04615332850227646,reddit,0.04615332850227646,0.2019107399292305,0.06951694021631956,397,7.6,C,3,,,,,,,en,
Q3407429,Promod,French fashion retail company,4,Promod,0,0.0,0,,668.0,,False,False,False,True,0.0,0.0,0.0,0.04048847279871129,reddit,0.04048847279871129,0.23314644010083552,0.06938716789402992,398,7.6,C,3,,Promod,,,,,"en,fr",
Q7444725,Sector No Limits,Italian manufacturer of jewels and watches,9,Sector No Limits,0,0.0,0,,161.0,,False,False,False,True,0.0,0.0,0.0,0.019877240963599153,reddit,0.019877240963599153,0.3497196601512533,0.06935360384174727,399,7.6,C,8,Sector No Limits,Sector No Limits,Sector,,セクター (腕時計),,"en,es,fr,it,ja",
Q11341902,Mikimoto,,3,,0,0.0,0,,851.0,,False,False,False,True,0.0,0.0,0.0,0.04569913129531397,reddit,0.04569913129531397,0.2019107399292305,0.06913087259040145,400,7.6,C,2,,,,,ミキモト,御木本,"ja,zh",
Q6414100,Kinney Shoes,shoe retailer,3,Kinney Shoes,0,0.0,0,,850.0,,False,False,False,True,0.0,0.0,0.0,0.045672273149417575,reddit,0.045672273149417575,0.2019107399292305,0.06910804316638951,401,7.6,C,2,,,,,,,en,
Q1758066,Pimkie,French fast fashion label,5,Pimkie,0,0.0,0,,504.0,,False,False,False,True,0.0,0.0,0.0,0.03516887148762374,reddit,0.03516887148762374,0.26066564438877554,0.06899338742279651,402,7.6,C,4,,Pimkie,Pimkie,Pimkie,,,"en,fr,it,de",
Q873447,Gerry Weber,fashion company,7,Gerry Weber,0,0.0,0,,289.0,,False,False,False,True,0.0,0.0,0.0,0.026631282766248852,reddit,0.026631282766248852,0.3084237497834138,0.0689001528188236,403,7.6,C,6,,Gerry Weber,,Gerry Weber,,,"en,fr,de",
Q246655,Next,British retailer,14,Next plc,0,0.0,0,,6.0,,False,False,False,True,0.0,0.0,0.0,0.003837238469004999,reddit,0.0038372384690049995,0.4361770499016697,0.06868821018390471,404,7.5,C,13,,Next (entreprise),,Next Group,ネクスト (ファッションブランド),Next公司,"en,fr,de,ja,zh",
Q7909026,Vakko,Turkish fashion brand,6,Vakko,0,0.0,0,,367.0,,False,False,False,True,0.0,0.0,0.0,0.03001070491774655,reddit,0.03001070491774655,0.2855449067967046,0.06834083519959025,405,7.5,C,6,,,,,,,en,
Q4876226,Beams,Japanese clothing brand,6,Beams (brand),0,0.0,0,,24100.0,0.02,False,False,True,True,0.0,0.0,0.01569443602257683,0.24319334473455653,trends+reddit,0.02991311781707556,0.2855449067967046,0.06825788616401991,406,7.5,C,5,,,,,ビームス,BEAMS,"en,ja,zh",
Q19903561,Polygon Bikes,Indonesian bicycle manufacturer,6,Polygon Bikes,0,0.0,0,,360.0,,False,False,False,True,0.0,0.0,0.0,0.029723121371765616,reddit,0.029723121371765616,0.2855449067967046,0.06809638918550645,407,7.5,C,5,,,,,,,en,
Q307894,2(x)ist,company,9,2(X)IST,0,0.0,0,,135.0,,False,False,False,True,0.0,0.0,0.0,0.018201620230909835,reddit,0.018201620230909835,0.3497196601512533,0.06792932621896135,408,7.5,C,9,,,2(x)ist,,,2(x)IST,"en,it,zh",
Q2456630,Trussardi,Italian fashion company,15,Trussardi,0,0.0,0,,0.0,,False,False,False,True,0.0,0.0,0.0,0.0,reddit,0.0,0.4514861398690405,0.06772292098035608,409,7.4,C,14,,,Trussardi,Trussardi,トラサルディ,楚萨迪,"en,it,de,ja,zh",
Q7366633,Roots Canada,Canadian apparel brand,6,Roots Canada,0,0.0,0,,348.0,,False,False,False,True,0.0,0.0,0.0,0.029223537533034673,reddit,0.029223537533034673,0.2855449067967046,0.06767174292258515,410,7.4,C,5,,Roots Canada,,,,Roots,"en,fr,zh",
Q110225120,Max Mara,Italian fashion company,1,,0,0.0,0,,0.0,0.32,False,False,True,True,0.0,0.0,0.06277774409030731,0.0,trends+reddit,0.058854135084663105,0.11657322005041776,0.0675119978295263,411,7.4,C,1,,,Max Mara Fashion Group,,,,it,
Q3299151,Matix,American apparel company,3,,0,0.0,0,,773.0,,False,False,False,True,0.0,0.0,0.0,0.04355448786591562,reddit,0.04355448786591562,0.2019107399292305,0.06730792567541286,412,7.4,C,3,Matix,Matix,,,マティックス,,"es,fr,ja",
Q113992257,Cotton On,Australian-based clothing company,8,Cotton On Group,0,0.0,0,,176.0,,False,False,False,True,0.0,0.0,0.0,0.020782581793295406,reddit,0.020782581793295406,0.329718857609608,0.0671230231657423,413,7.4,C,7,,,,Cotton On Group,コットンオン,Cotton On集團,"en,de,ja,zh",
Q1524904,Gina Tricot,Clothing retail chain,7,,0,0.0,0,,245.0,,False,False,False,True,0.0,0.0,0.0,0.024520324126673973,reddit,0.024520324126673976,0.3084237497834138,0.06710583797518495,414,7.4,C,6,,,,Gina Tricot,,,de,
Q7111938,Outdoor Research,"a Seattle-based manufacturer of technical apparel and gear for outdoor sports, including alpinism, rock and ice climbing, backpacking, paddling, and backcountry skiing and snowboarding.",1,Outdoor Research,0,0.0,0,,1388.0,,False,False,False,True,0.0,0.0,0.0,0.05836303896931176,reddit,0.05836303896931176,0.11657322005041776,0.06709456613147766,415,7.4,C,1,,,,,,,en,
Q5715308,Henri Bendel,American fashion company,6,Henri Bendel,0,0.0,0,,330.0,,False,False,False,True,0.0,0.0,0.0,0.028457722128460154,reddit,0.028457722128460154,0.2855449067967046,0.06702079982869681,416,7.4,C,5,,,,,,,en,
Q18636419,The Elder Statesman,"clothing, fashion and lifestyle brand based in Los Angeles",1,The Elder Statesman (brand),0,0.0,0,,1383.0,,False,False,False,True,0.0,0.0,0.0,0.05825782338172897,reddit,0.05825782338172897,0.11657322005041776,0.06700513288203228,417,7.4,C,1,,,,,,,en,
Q13657207,Padini,Malaysian business,4,Padini,0,0.0,0,,576.0,,False,False,False,True,0.0,0.0,0.0,0.03759710508176309,reddit,0.03759710508176309,0.23314644010083552,0.06692950533462394,418,7.4,C,4,,,,,,巴迪尼,"en,zh",
Q10853153,United Arrows,Japanese clothing brand,4,United Arrows,0,0.0,0,,571.0,,False,False,False,True,0.0,0.0,0.0,0.03743356752932399,reddit,0.03743356752932399,0.23314644010083552,0.06679049841505072,419,7.3,C,4,,,,,ユナイテッドアローズ,聯合艾諾,"en,ja,zh",
Q5562449,Gilly Hicks,lingerie brand owned by Abercrombie & Fitch,3,Gilly Hicks,0,0.0,0,,738.0,,False,False,False,True,0.0,0.0,0.0,0.04255703332429852,reddit,0.04255703332429852,0.2019107399292305,0.06646008931503831,420,7.3,C,3,Gilly Hicks,Gilly Hicks,,,,,"en,es,fr",
Q2475146,Ulla Popken,German clothing retailer,6,Ulla Popken,0,0.0,0,,312.0,,False,False,False,True,0.0,0.0,0.0,0.027670720112360925,reddit,0.027670720112360925,0.2855449067967046,0.06635184811501246,421,7.3,C,5,,Ulla Popken,Ulla Popken,Ulla Popken,,,"en,fr,it,de",
Q576316,Cacharel,French fashion house,13,Cacharel,0,0.0,0,,1538.0,0.0,False,False,True,True,0.0,0.0,0.0,0.06143577373512683,trends+reddit,0.003839735858445427,0.420310722237728,0.06631038381533781,422,7.3,C,12,,Cacharel (entreprise),Cacharel,,,,"en,fr,it",
Q787601,Chevignon,French clothing brand,7,,0,0.0,0,,225.0,,False,False,False,True,0.0,0.0,0.0,0.02349819067610193,reddit,0.02349819067610193,0.3084237497834138,0.06623702454219871,423,7.3,C,6,Chevignon,Chevignon,,Chevignon,,,"es,fr,de",
Q3473599,Sarenza,French retail shoes and accessories company,9,Sarenza,0,0.0,0,,107.0,,False,False,False,True,0.0,0.0,0.0,0.016204478291906767,reddit,0.016204478291906767,0.3497196601512533,0.06623175557080874,424,7.3,C,9,Sarenza,Sarenza,Sarenza,Sarenza,,,"en,es,fr,it,de",
Q4950452,Boutique La Vie en rose,chain of lingerie stores,2,Boutique La Vie en Rose,0,0.0,0,,,0.19,False,False,True,False,0.0,0.0,0.048373500593136665,0.0,trends,0.048373500593136665,0.164859428804804,0.06584638982488676,425,7.2,C,2,,La Vie en rose (magasin),,,,,"en,fr",
Q1484081,G-Star Raw,Dutch designer clothing company,14,G-Star (company),0,0.0,0,,0.0,,False,False,False,True,0.0,0.0,0.0,0.0,reddit,0.0,0.4361770499016697,0.06542655748525046,426,7.2,C,13,,G-Star,,G-Star,G-Star RAW,G-Star,"en,fr,de,ja,zh",
Q3328552,Uterqüe,clothing and accessories brand of Massimo Dutti,14,Uterqüe,0,0.0,0,,0.0,,False,False,False,True,0.0,0.0,0.0,0.0,reddit,0.0,0.4361770499016697,0.06542655748525046,427,7.2,C,13,Uterqüe,Uterqüe,,,,,"en,es,fr",
Q2736351,Agatha Ruiz de la Prada,Spanish fashion designer and Grandee,14,Ágatha Ruiz de la Prada,0,0.0,0,,0.0,,False,False,False,True,0.0,0.0,0.0,0.0,reddit,0.0,0.4361770499016697,0.06542655748525046,428,7.2,C,12,Ágatha Ruiz de la Prada,Ágatha Ruiz de la Prada,Ágatha Ruiz de la Prada,Ágatha Ruiz de la Prada,,,"en,es,fr,it,de",
Q670764,Brooks Sports,sportswear company,14,Brooks Sports,0,0.0,0,,,,False,False,False,False,0.0,0.0,0.0,0.0,,,0.4361770499016697,0.06542655748525046,429,7.2,C,13,Brooks Sports,Brooks (entreprise),Brooks Sports,Brooks Sports,,,"en,es,fr,it,de",
Q86327186,GHOST-Bikes,"bicycle manufacturer headquartered in Waldsassen, Germany",3,,0,0.0,0,,685.0,,False,False,False,True,0.0,0.0,0.0,0.041000433659471015,reddit,0.041000433659471015,0.2019107399292305,0.06513697959993493,430,7.2,C,2,,,Ghost (azienda),Ghost-Bikes,,,"it,de",
Q5171196,Corneliani,Italian menswear manufacturer best known for its suits and sport coats,6,Corneliani,0,0.0,0,,279.0,,False,False,False,True,0.0,0.0,0.0,0.026166477727477006,reddit,0.02616647772747701,0.2855449067967046,0.06507324208786114,431,7.1,C,6,,,Corneliani (azienda),,,,"en,it",
Q3475516,Schott NYC,American clothing manufacturing company,6,Schott NYC,0,0.0,0,,275.0,,False,False,False,True,0.0,0.0,0.0,0.02597822724161926,reddit,0.02597822724161926,0.2855449067967046,0.06491322917488206,432,7.1,C,5,,Schott NYC,Schott NYC,,ショット (ファッションブランド),,"en,fr,it,ja",
Q54869493,Bimba y Lola,Spanish fashion retailer,5,,0,0.0,0,,374.0,,False,False,False,True,0.0,0.0,0.0,0.03029555867184832,reddit,0.03029555867184832,0.26066564438877554,0.0648510715293874,433,7.1,C,4,Bimba y Lola,Bimba y Lola,,,,,"es,fr",
Q107394262,Ami Paris,French luxury ready-to-wear fashion house founded in Paris in 2011,3,AMI Paris,0,0.0,0,,663.0,,False,False,False,True,0.0,0.0,0.0,0.04033665946772622,reddit,0.04033665946772622,0.2019107399292305,0.06457277153695186,434,7.1,C,3,,Ami (entreprise française),,,アミ・パリス,,"en,fr,ja",
Q55097814,Viyella,brand name for a wool-cotton blend fabric formerly produced in the United Kingdom,5,Viyella,0,0.0,0,,364.0,,False,False,False,True,0.0,0.0,0.0,0.029887793664405055,reddit,0.02988779366440505,0.26066564438877554,0.06450447127306062,435,7.1,C,4,,Viyella,,,,,"en,fr",
Q111283880,Anine Bing,women's fashion brand,1,,0,0.0,0,,1241.0,,False,False,False,True,0.0,0.0,0.0,0.055186017618298146,reddit,0.055186017618298146,0.11657322005041776,0.06439409798311609,436,7.1,C,1,,,,,,,,
Q3323911,Morellato,Italian manufacturer of jewels and watches,8,Morellato Group,0,0.0,0,,125.0,,False,False,False,True,0.0,0.0,0.0,0.017514517233338554,reddit,0.017514517233338554,0.329718857609608,0.06434516828977897,437,7.1,C,7,Morellato,Morellato,Morellato,Morellato Group,,,"en,es,fr,it,de",
Q1281935,Eckō Unltd.,brand of urban lifestyle clothing,12,Ecko Unltd.,0,0.0,0,,8.0,,False,False,False,True,0.0,0.0,0.0,0.004430861326049648,reddit,0.004430861326049648,0.403821479858461,0.06433945410591134,438,7.1,C,11,Ecko Unlimited,Eckō Unlimited,Ecko Unlimited,Eckō Unlimited,,,"en,es,fr,it,de",
Q131673087,Moose Knuckles,Canadian outdoor clothing company,1,,0,0.0,0,,1226.0,,False,False,False,True,0.0,0.0,0.0,0.05485148624146008,reddit,0.05485148624146008,0.11657322005041776,0.06410974631280372,439,7.0,C,1,,,,,,,,
Q4904902,Big 5 Sporting Goods,"sporting goods retailer headquartered in El Segundo, California",4,Big 5 Sporting Goods,0,0.0,0,,473.0,,False,False,False,True,0.0,0.0,0.0,0.034070125621453166,reddit,0.034070125621453166,0.23314644010083552,0.06393157279336051,440,7.0,C,3,,,,,,,en,
Q430230,Coleman,"brand of outdoor recreation products, especially camping gear",10,Coleman (brand),0,0.0,0,,38.0,,False,False,False,True,0.0,0.0,0.0,0.009656838376546517,reddit,0.009656838376546517,0.36863688953932866,0.06350384605096383,441,7.0,C,9,,Coleman (entreprise),,Coleman Company,コールマン (キャンプ用品),,"en,fr,de,ja",
Q641722,John Lobb Bootmaker,company,13,John Lobb Bootmaker,0,0.0,0,,12.0,0.0,False,False,True,True,0.0,0.0,0.0,0.005426674684926641,trends+reddit,0.00033916716780791505,0.420310722237728,0.06333490042829593,442,7.0,C,12,,John Lobb,John Lobb Bootmaker,John Lobb,ジョン・ロブ,,"en,fr,it,de,ja",
Q109825187,Boot Barn,Western clothing store chain,2,Boot Barn,0,0.0,0,,836.0,,False,False,False,True,0.0,0.0,0.0,0.04529458691142149,reddit,0.04529458691142149,0.164859428804804,0.06322931319542888,443,6.9,C,1,,,,,,,en,
Q5119055,Cia. Hering,Brazilian clothing retailer,7,Cia. Hering,0,0.0,0,,162.0,,False,False,False,True,0.0,0.0,0.0,0.019938875967223414,reddit,0.019938875967223414,0.3084237497834138,0.06321160703965198,444,6.9,C,6,,,,Cia. Hering,エーリング,,"en,de,ja",
Q22031750,Khaadi,Pakistani fashion and lifestyle brand,3,Khaadi,0,0.0,0,,610.0,,False,False,False,True,0.0,0.0,0.0,0.03869083317679442,reddit,0.03869083317679442,0.2019107399292305,0.06317381918965984,445,6.9,C,2,,,,,,,en,
Q551889,Reusch,sports equipment and clothing company,13,Reusch (company),0,0.0,0,,0.0,,False,False,False,True,0.0,0.0,0.0,0.0,reddit,0.0,0.420310722237728,0.0630466083356592,446,6.9,C,12,Reusch,,Reusch,Reusch (Sportartikelhersteller),,,"en,es,it,de",
Q10553200,Lager 157,Swedish clothing-retail company,3,,0,0.0,0,,587.0,,False,False,False,True,0.0,0.0,0.0,0.037954407414078066,reddit,0.037954407414078066,0.2019107399292305,0.06254785729135093,447,6.9,C,3,,,,,,,,
Q108739951,Tailored Brands,American men's apparel company,2,Tailored Brands,0,0.0,0,,801.0,,False,False,False,True,0.0,0.0,0.0,0.0443362974951628,reddit,0.0443362974951628,0.164859428804804,0.06241476719160898,449,6.9,C,2,,,,,,,en,
Q54817659,PrettyLittleThing,UK-based fashion retailer,1,PrettyLittleThing,0,0.0,0,,1138.0,,False,False,False,True,0.0,0.0,0.0,0.052846264673102265,reddit,0.05284626467310226,0.11657322005041776,0.06240530797969958,450,6.9,C,1,,,,,,,en,
Q3269443,Lyle & Scott,Scottish knitwear brand well known for its golfing knitwear,8,Lyle & Scott,0,0.0,0,,94.0,,False,False,False,True,0.0,0.0,0.0,0.015188227416835669,reddit,0.015188227416835669,0.329718857609608,0.06236782194575152,451,6.9,C,7,,Lyle and Scott,Lyle and Scott,,,,"en,fr,it",
Q6209926,Joe Fresh,fashion brand and retail chain created by designer Joe Mimran,2,Joe Fresh,0,0.0,0,,797.0,,False,False,False,True,0.0,0.0,0.0,0.044225456578018935,reddit,0.044225456578018935,0.164859428804804,0.06232055241203669,452,6.8,C,1,,,,,,,en,
Q1355658,Karl Kani,American fashion designer,6,Karl Kani,0,0.0,0,,210.0,,False,False,False,True,0.0,0.0,0.0,0.0227014089294126,reddit,0.0227014089294126,0.2855449067967046,0.06212793360950639,453,6.8,C,6,,Karl Kani,,Karl Kani,カール・カナイ,,"en,fr,de,ja",
Q4970227,British Knights,American casual wear brand,4,British Knights,0,0.0,0,,398.0,,False,False,False,True,0.0,0.0,0.0,0.03125249544454733,reddit,0.03125249544454733,0.23314644010083552,0.061536587142990554,454,6.8,C,3,,British Knights,,,,,"en,fr",
Q86682767,Sézane,French fashion brand,1,,0,0.0,0,,1089.0,,False,False,False,True,0.0,0.0,0.0,0.05169601948742424,reddit,0.05169601948742424,0.11657322005041776,0.06142759957187327,455,6.7,C,1,,Sézane,,,,,fr,
Q835487,MCM Worldwide,German luxury goods house,11,MCM Worldwide,0,0.0,0,,6.0,,False,False,False,True,0.0,0.0,0.0,0.003837238469004999,reddit,0.0038372384690049995,0.3866296315107707,0.06125609742526985,456,6.7,C,10,,,,Modern Creation München,MCM (ブランド),MCM Worldwide,"en,de,ja,zh",
Q3334188,NAF NAF,French clothing store chain,5,,0,0.0,0,,274.0,,False,False,False,True,0.0,0.0,0.0,0.025930951083712173,reddit,0.025930951083712173,0.26066564438877554,0.06114115507947168,457,6.7,C,4,,Naf Naf,,,,,fr,
Q7994858,White House Black Market,American women's clothing retailer,3,White House Black Market,0,0.0,0,,535.0,,False,False,False,True,0.0,0.0,0.0,0.03623431500062321,reddit,0.03623431500062321,0.2019107399292305,0.061085778739914304,458,6.7,C,2,,,,,,,en,
Q43082416,Aimé Leon Dore,fashion brand,3,Aimé Leon Dore,0,0.0,0,,531.0,,False,False,False,True,0.0,0.0,0.0,0.03609860547886923,reddit,0.03609860547886923,0.2019107399292305,0.060970425646423416,459,6.7,C,2,,,,,,,en,
Q19903688,Target Optical,eyewear retailer in the United States,1,Target Optical,0,0.0,0,,,0.21,False,False,True,False,0.0,0.0,0.05085578513503602,0.0,trends,0.05085578513503602,0.11657322005041776,0.060713400372343275,460,6.7,C,1,,,,,,,en,
Q119056161,F. Engel,,1,,0,0.0,0,,,0.21,False,False,True,False,0.0,0.0,0.05085578513503602,0.0,trends,0.05085578513503602,0.11657322005041776,0.060713400372343275,461,6.7,C,1,,,,,,,,
Q917561,Kitsuné,French fashion brand and record label,12,Maison Kitsuné,0,0.0,0,,0.0,,False,False,False,True,0.0,0.0,0.0,0.0,reddit,0.0,0.403821479858461,0.060573221978769146,462,6.7,C,12,Kitsuné,Kitsuné,Maison Kitsuné,Kitsuné,Kitsune,,"en,es,fr,it,de,ja",
Q1921997,Merrell,American footwear company,12,Merrell (company),0,0.0,0,,0.0,,False,False,False,True,0.0,0.0,0.0,0.0,reddit,0.0,0.403821479858461,0.060573221978769146,463,6.7,C,11,Merrell (compañía),Merrell,,Merrell,メレル,,"en,es,fr,de,ja",
Q4349016,KappAhl,Swedish clothing company,7,,0,0.0,0,,448.0,0.02,False,False,True,True,0.0,0.0,0.01569443602257683,0.033157530020769294,trends+reddit,0.016785879397463857,0.3084237497834138,0.06053155995535635,464,6.6,C,6,,,,Kappahl,,,de,
Q28857986,Lorna Jane,manufacturer and retailer of women's activewear,2,Lorna Jane,0,0.0,0,,716.0,,False,False,False,True,0.0,0.0,0.0,0.04191791528828788,reddit,0.04191791528828788,0.164859428804804,0.0603591423157653,465,6.6,C,1,,,,,,,en,
Q5298588,Dorothy Perkins,multinational women’s fashion retailer based in the United Kingdom,5,Dorothy Perkins,0,0.0,0,,252.0,,False,False,False,True,0.0,0.0,0.0,0.024868147515576967,reddit,0.024868147515576967,0.26066564438877554,0.06023777204655675,466,6.6,C,4,,,,,,,en,
Q7500007,Shoe Carnival,shoe retailer in the United States,3,Shoe Carnival,0,0.0,0,,502.0,,False,False,False,True,0.0,0.0,0.0,0.03509902261730835,reddit,0.03509902261730835,0.2019107399292305,0.06012078021409667,467,6.6,C,2,,,,,,,en,
Q48814393,SSENSE,"international fashion platform that sells products from a selection of independent, luxury and streetwear designers",1,SSENSE,0,0.0,0,,1010.0,,False,False,False,True,0.0,0.0,0.0,0.0497856121429541,reddit,0.0497856121429541,0.11657322005041776,0.059803753329073644,468,6.6,C,1,,,,,,,en,
Q7899859,Urban Behavior,unisex apparel retailer,5,Urban Planet,0,0.0,0,,241.0,,False,False,False,True,0.0,0.0,0.0,0.024319334473455655,reddit,0.024319334473455655,0.26066564438877554,0.05977128096075364,469,6.6,C,4,,Urban Behavior,,,,,"en,fr",
Q18390679,Robert Graham,American luxury men's fashion brand,1,Robert Graham (fashion brand),0,0.0,0,,987.0,,False,False,False,True,0.0,0.0,0.0,0.0492154817784805,reddit,0.0492154817784805,0.11657322005041776,0.05931914251927109,470,6.5,C,1,,,,,,,en,
Q7488518,Shanghai Tang,Hong Kong luxury fashion house,6,Shanghai Tang,0,0.0,0,,151.0,,False,False,False,True,0.0,0.0,0.0,0.019250040083377256,reddit,0.019250040083377256,0.2855449067967046,0.05919427009037635,471,6.5,C,5,,,,,上海灘,上海灘 (品牌),"en,ja,zh",
Q5709676,Helmut Lang,fashion label,2,Helmut Lang (fashion brand),0,0.0,0,,665.0,,False,False,False,True,0.0,0.0,0.0,0.04039745326178345,reddit,0.04039745326178345,0.164859428804804,0.05906674959323653,472,6.5,C,2,,,,,,,en,
Q5392021,IC Group,Danish clothing company,3,IC Group,0,0.0,0,,452.0,,False,False,False,True,0.0,0.0,0.0,0.033305225762987375,reddit,0.033305225762987375,0.2019107399292305,0.05859605288792384,473,6.4,C,3,,,,,,,en,
Q1417347,OshKosh B'Gosh,American apparel company,6,OshKosh B'gosh,0,0.0,0,,140.0,,False,False,False,True,0.0,0.0,0.0,0.018535622773107538,reddit,0.018535622773107538,0.2855449067967046,0.058587015376647095,474,6.4,C,5,,,OshKosh B'gosh,OshKosh B’Gosh,,,"en,it,de",
Q52391629,Stefano Ricci,Italian fashion brand,3,Stefano Ricci,0,0.0,0,,438.0,,False,False,False,True,0.0,0.0,0.0,0.03278537985085522,reddit,0.03278537985085522,0.2019107399292305,0.05815418386261151,475,6.4,C,2,,,,,,,en,
Q115799492,Falguni Shane Peacock,Indian luxury clothing label,3,Falguni Shane Peacock,0,0.0,0,,437.0,,False,False,False,True,0.0,0.0,0.0,0.0327479322317231,reddit,0.0327479322317231,0.2019107399292305,0.058122353386349204,476,6.4,C,2,Falguni Shane Peacock,,,,,,"en,es",
Q140069588,Dorko,Hungarian fashion brand,1,,0,0.0,0,,929.0,,False,False,False,True,0.0,0.0,0.0,0.047747542230260384,reddit,0.047747542230260384,0.11657322005041776,0.05807139390328399,477,6.4,C,1,,,,,,,,
Q7654224,Sweaty Betty,British retailer specialising in women's activewear,1,Sweaty Betty,0,0.0,0,,928.0,,False,False,False,True,0.0,0.0,0.0,0.047721836956671766,reddit,0.047721836956671766,0.11657322005041776,0.058049544420733665,478,6.4,C,1,,,,,,,en,
Q2672003,Celio,French men's clothing retailer,11,Celio (retailer),0,0.0,0,,0.0,,False,False,False,True,0.0,0.0,0.0,0.0,reddit,0.0,0.3866296315107707,0.0579944447266156,479,6.4,C,10,Celio (tienda),Celio,Celio (azienda),,,,"en,es,fr,it",
Q6108019,JD Sports,sports-fashion retail company,11,JD Sports,0,0.0,0,,0.0,,False,False,False,True,0.0,0.0,0.0,0.0,reddit,0.0,0.3866296315107707,0.0579944447266156,480,6.4,C,10,,JD Sports,,JD Sports,,,"en,fr,de",
Q2263500,Ellesse,Italian sports apparel company,11,Ellesse,0,0.0,0,,0.0,,False,False,False,True,0.0,0.0,0.0,0.0,reddit,0.0,0.3866296315107707,0.0579944447266156,481,6.4,C,10,,Ellesse,Ellesse,Ellesse,エレッセ,,"en,fr,it,de,ja",
Q5322052,E. Marinella,Italian necktie company founded by Eugenio Marinella in 1914 in Naples,11,E. Marinella,0,0.0,0,,0.0,,False,False,False,True,0.0,0.0,0.0,0.0,reddit,0.0,0.3866296315107707,0.0579944447266156,482,6.4,C,10,E. Marinella,E. Marinella,E. Marinella,,,E·马里内拉,"en,es,fr,it,zh",
Q16544736,Courrèges,French fashion house,2,Courrèges,0,0.0,0,,624.0,,False,False,False,True,0.0,0.0,0.0,0.03913230766353079,reddit,0.03913230766353079,0.164859428804804,0.05799137583472177,483,6.4,C,2,,Courrèges (entreprise),,,,,"en,fr",
Q94776153,PME Legend,Dutch fashion brand,2,,0,0.0,0,,621.0,,False,False,False,True,0.0,0.0,0.0,0.039038126281101454,reddit,0.039038126281101454,0.164859428804804,0.05791132165965684,484,6.4,C,1,,,,,,,,
Q5142575,Coldwater Creek,clothing retailer,2,Coldwater Creek (clothing retailer),0,0.0,0,,618.0,,False,False,False,True,0.0,0.0,0.0,0.03894371713133222,reddit,0.03894371713133222,0.164859428804804,0.057831073882352986,485,6.4,C,2,,,,,,,en,
Q272361,Çalık Holding,company,8,Çalık Holding,0,0.0,0,,39.0,,False,False,False,True,0.0,0.0,0.0,0.009783076915882698,reddit,0.009783076915882698,0.329718857609608,0.05777344401994149,486,6.3,C,8,,,,Çalık Holding,,,"en,de",
Q16850757,J Brand,American denim clothing company,1,J Brand,0,0.0,0,,907.0,,False,False,False,True,0.0,0.0,0.0,0.047178791058918854,reddit,0.047178791058918854,0.11657322005041776,0.057587955407643686,487,6.3,C,1,,,,,,,en,
Q17109937,Rack Room Shoes,American footwear retailer,2,Rack Room Shoes,0,0.0,0,,,0.12,False,False,True,False,0.0,0.0,0.038443360056068764,0.0,trends,0.038443360056068764,0.164859428804804,0.05740577036837905,488,6.3,C,1,,,,,,,en,
Q18636520,Dolls Kill,American online retailer,1,Dolls Kill,0,0.0,0,,880.0,,False,False,False,True,0.0,0.0,0.0,0.04647126563775801,reddit,0.04647126563775801,0.11657322005041776,0.05698655879965697,489,6.3,C,1,,,,,,,en,
Q5024439,Calvin Klein Collection,fashion brand,1,Calvin Klein Collection,0,0.0,0,,879.0,,False,False,False,True,0.0,0.0,0.0,0.046444854004116895,reddit,0.046444854004116895,0.11657322005041776,0.056964108911062024,490,6.3,C,1,,,,,,,en,
Q17019662,Dr. Scholl's,footwear and foot care brand,9,Dr. Scholl's,0,0.0,0,,2776.0,0.0,False,False,True,True,0.0,0.0,0.0,0.08253780125171016,trends+reddit,0.005158612578231885,0.3497196601512533,0.05684276971418509,491,6.2,C,8,,Scholl (entreprise),,,,,"en,fr",
Q950766,Safilo,Italian eyewear company,7,Safilo,0,0.0,0,,60.0,,False,False,False,True,0.0,0.0,0.0,0.012134413487273224,reddit,0.012134413487273224,0.3084237497834138,0.05657781393169431,492,6.2,C,7,,Safilo Group,Safilo Group,Safilo Group,,,"en,fr,it,de",
Q6268615,Johnston & Murphy,footwear company,3,Johnston & Murphy,0,0.0,0,,381.0,,False,False,False,True,0.0,0.0,0.0,0.030577758924073415,reddit,0.03057775892407341,0.2019107399292305,0.05627770607484697,493,6.2,C,2,,,,,,,en,
Q2567594,Wicked Weasel,Australian swimwear and lingerie manufacturer,4,Wicked Weasel,0,0.0,0,,254.0,,False,False,False,True,0.0,0.0,0.0,0.024966635613938207,reddit,0.02496663561393821,0.23314644010083552,0.0561936062869728,494,6.2,C,4,,,,Wicked Weasel,,,"en,de",
Q16985816,C. Wonder,American fashion retailer,1,C. Wonder,0,0.0,0,,840.0,,False,False,False,True,0.0,0.0,0.0,0.0454028178588252,reddit,0.0454028178588252,0.11657322005041776,0.05607837818756408,495,6.2,C,1,,,,,,,en,
Q2860764,Ardène,family-owned Canadian value fashion retailer,4,Ardene,0,0.0,0,,,0.05,False,False,True,False,0.0,0.0,0.02481508221156829,0.0,trends,0.02481508221156829,0.23314644010083552,0.05606478589495837,496,6.2,C,3,,Ardène,,,,,"en,fr",
Q125995969,The Attico,Italian fashion label,2,The Attico,0,0.0,0,,547.0,,False,False,False,True,0.0,0.0,0.0,0.036638427664139904,reddit,0.036638427664139904,0.164859428804804,0.05587157783523952,497,6.1,C,1,,,,,,,en,
Q6172434,Jeanswest,"former Australian clothing retailer, with some remaining stores operating in New Zealand",3,Jeanswest,0,0.0,0,,356.0,,False,False,False,True,0.0,0.0,0.0,0.029557531663441865,reddit,0.02955753166344187,0.2019107399292305,0.05541051290331016,498,6.1,C,3,,,,,,真维斯,"en,zh",
Q1986392,Turnbull & Asser,"gentleman's bespoke shirtmaker, clothier and tie maker established in 1885",10,Turnbull & Asser,0,0.0,0,,,,False,False,False,False,0.0,0.0,0.0,0.0,,,0.36863688953932866,0.055295533430899296,499,6.1,C,9,,,Turnbull & Asser,,,滕博阿瑟,"en,it,zh",
Q877571,Blizzard Ski,Austrian alpine ski manufacturer,10,Blizzard Sport,0,0.0,0,,,,False,False,False,False,0.0,0.0,0.0,0.0,,,0.36863688953932866,0.055295533430899296,500,6.1,C,9,Deporte Blizzard,Blizzard (skis),,Blizzard Ski,,,"en,es,fr,de",
Q3895,Adidas,German multinational corporation,105,Adidas,,,,,,,,,,,,,,,,,,,,,,105,,,,,,,,
Q56246099,Gymshark,British sports clothing and accessories company,9,Gymshark,,,,,,,,,,,,,,,,,,,,,,9,,,,,,,,
Q23823668,TK Maxx,Subsidiary of the American apparel and home goods company TJX Companies,5,TK Maxx,,,,,,,,,,,,,,,,,,,,,,5,,,,,,,,
Q842174,Eddie Bauer,American clothing company,9,Eddie Bauer,,,,,,,,,,,,,,,,,,,,,,9,,,,,,,,
